Games,team_id,OPP,Wins,Losses,Win_Series,year_id,lg_id,series_type,Series_Length,SoS,Series_End
5,PHW,CHS,4,1,TRUE,1947,BAA,finals,7,1.75,4
6,BLB,PHW,4,2,TRUE,1948,BAA,finals,7,1.75,4
6,MNL,WSC,4,2,TRUE,1949,BAA,finals,7,1.75,4
6,MNL,SYR,4,2,TRUE,1950,NBA,finals,7,1.75,4
7,ROC,NYK,4,3,TRUE,1951,NBA,finals,7,1.75,4
7,MNL,NYK,4,3,TRUE,1952,NBA,finals,7,1.75,4
5,MNL,NYK,4,1,TRUE,1953,NBA,finals,7,1.75,4
7,MNL,SYR,4,3,TRUE,1954,NBA,finals,7,1.75,4
7,SYR,FTW,4,3,TRUE,1955,NBA,finals,7,1.75,4
5,PHW,FTW,4,1,TRUE,1956,NBA,finals,7,1.75,4
7,BOS,STL,4,3,TRUE,1957,NBA,finals,7,1.75,4
6,STL,BOS,4,2,TRUE,1958,NBA,finals,7,1.75,4
4,BOS,MNL,4,0,TRUE,1959,NBA,finals,7,1.75,4
7,BOS,STL,4,3,TRUE,1960,NBA,finals,7,1.75,4
5,BOS,STL,4,1,TRUE,1961,NBA,finals,7,1.75,4
7,BOS,LAL,4,3,TRUE,1962,NBA,finals,7,1.75,4
6,BOS,LAL,4,2,TRUE,1963,NBA,finals,7,1.75,4
5,BOS,SFW,4,1,TRUE,1964,NBA,finals,7,1.75,4
5,BOS,LAL,4,1,TRUE,1965,NBA,finals,7,1.75,4
7,BOS,LAL,4,3,TRUE,1966,NBA,finals,7,1.75,4
6,PHI,SFW,4,2,TRUE,1967,NBA,finals,7,1.75,4
7,PTP,NOB,4,3,TRUE,1968,ABA,finals,7,1.75,4
6,BOS,LAL,4,2,TRUE,1968,NBA,finals,7,1.75,4
5,OAK,INA,4,1,TRUE,1969,ABA,finals,7,1.75,4
7,BOS,LAL,4,3,TRUE,1969,NBA,finals,7,1.75,4
6,INA,LAS,4,2,TRUE,1970,ABA,finals,7,1.75,4
7,NYK,LAL,4,3,TRUE,1970,NBA,finals,7,1.75,4
7,UTS,KEN,4,3,TRUE,1971,ABA,finals,7,1.75,4
4,MIL,BAL,4,0,TRUE,1971,NBA,finals,7,1.75,4
6,INA,NYA,4,2,TRUE,1972,ABA,finals,7,1.75,4
5,LAL,NYK,4,1,TRUE,1972,NBA,finals,7,1.75,4
7,INA,KEN,4,3,TRUE,1973,ABA,finals,7,1.75,4
5,NYK,LAL,4,1,TRUE,1973,NBA,finals,7,1.75,4
5,NYA,UTS,4,1,TRUE,1974,ABA,finals,7,1.75,4
7,BOS,MIL,4,3,TRUE,1974,NBA,finals,7,1.75,4
5,KEN,INA,4,1,TRUE,1975,ABA,finals,7,1.75,4
4,GSW,WSB,4,0,TRUE,1975,NBA,finals,7,1.75,4
6,NYA,DNA,4,2,TRUE,1976,ABA,finals,7,1.75,4
6,BOS,PHO,4,2,TRUE,1976,NBA,finals,7,1.75,4
6,POR,PHI,4,2,TRUE,1977,NBA,finals,7,1.75,4
7,WSB,SEA,4,3,TRUE,1978,NBA,finals,7,1.75,4
5,SEA,WSB,4,1,TRUE,1979,NBA,finals,7,1.75,4
6,LAL,PHI,4,2,TRUE,1980,NBA,finals,7,1.75,4
6,BOS,HOU,4,2,TRUE,1981,NBA,finals,7,1.75,4
6,LAL,PHI,4,2,TRUE,1982,NBA,finals,7,1.75,4
4,PHI,LAL,4,0,TRUE,1983,NBA,finals,7,1.75,4
7,BOS,LAL,4,3,TRUE,1984,NBA,finals,7,1.75,4
6,LAL,BOS,4,2,TRUE,1985,NBA,finals,7,1.75,4
6,BOS,HOU,4,2,TRUE,1986,NBA,finals,7,1.75,4
6,LAL,BOS,4,2,TRUE,1987,NBA,finals,7,1.75,4
7,LAL,DET,4,3,TRUE,1988,NBA,finals,7,1.75,4
4,DET,LAL,4,0,TRUE,1989,NBA,finals,7,1.75,4
5,DET,POR,4,1,TRUE,1990,NBA,finals,7,1.75,4
5,CHI,LAL,4,1,TRUE,1991,NBA,finals,7,1.75,4
6,CHI,POR,4,2,TRUE,1992,NBA,finals,7,1.75,4
6,CHI,PHO,4,2,TRUE,1993,NBA,finals,7,1.75,4
7,HOU,NYK,4,3,TRUE,1994,NBA,finals,7,1.75,4
4,HOU,ORL,4,0,TRUE,1995,NBA,finals,7,1.75,4
6,CHI,SEA,4,2,TRUE,1996,NBA,finals,7,1.75,4
6,CHI,UTA,4,2,TRUE,1997,NBA,finals,7,1.75,4
6,CHI,UTA,4,2,TRUE,1998,NBA,finals,7,1.75,4
5,SAS,NYK,4,1,TRUE,1999,NBA,finals,7,1.75,4
6,LAL,IND,4,2,TRUE,2000,NBA,finals,7,1.75,4
5,LAL,PHI,4,1,TRUE,2001,NBA,finals,7,1.75,4
4,LAL,NJN,4,0,TRUE,2002,NBA,finals,7,1.75,4
6,SAS,NJN,4,2,TRUE,2003,NBA,finals,7,1.75,4
5,DET,LAL,4,1,TRUE,2004,NBA,finals,7,1.75,4
7,SAS,DET,4,3,TRUE,2005,NBA,finals,7,1.75,4
6,MIA,DAL,4,2,TRUE,2006,NBA,finals,7,1.75,4
4,SAS,CLE,4,0,TRUE,2007,NBA,finals,7,1.75,4
6,BOS,LAL,4,2,TRUE,2008,NBA,finals,7,1.75,4
5,LAL,ORL,4,1,TRUE,2009,NBA,finals,7,1.75,4
7,LAL,BOS,4,3,TRUE,2010,NBA,finals,7,1.75,4
6,DAL,MIA,4,2,TRUE,2011,NBA,finals,7,1.75,4
5,MIA,OKC,4,1,TRUE,2012,NBA,finals,7,1.75,4
7,MIA,SAS,4,3,TRUE,2013,NBA,finals,7,1.75,4
5,SAS,MIA,4,1,TRUE,2014,NBA,finals,7,1.75,4
6,GSW,CLE,4,2,TRUE,2015,NBA,finals,7,1.75,4
5,CHS,PHW,1,4,FALSE,1947,BAA,finals,7,1.75,4
6,PHW,BLB,2,4,FALSE,1948,BAA,finals,7,1.75,4
6,WSC,MNL,2,4,FALSE,1949,BAA,finals,7,1.75,4
6,SYR,MNL,2,4,FALSE,1950,NBA,finals,7,1.75,4
7,NYK,ROC,3,4,FALSE,1951,NBA,finals,7,1.75,4
7,NYK,MNL,3,4,FALSE,1952,NBA,finals,7,1.75,4
5,NYK,MNL,1,4,FALSE,1953,NBA,finals,7,1.75,4
7,SYR,MNL,3,4,FALSE,1954,NBA,finals,7,1.75,4
7,FTW,SYR,3,4,FALSE,1955,NBA,finals,7,1.75,4
5,FTW,PHW,1,4,FALSE,1956,NBA,finals,7,1.75,4
7,STL,BOS,3,4,FALSE,1957,NBA,finals,7,1.75,4
6,BOS,STL,2,4,FALSE,1958,NBA,finals,7,1.75,4
4,MNL,BOS,0,4,FALSE,1959,NBA,finals,7,1.75,4
7,STL,BOS,3,4,FALSE,1960,NBA,finals,7,1.75,4
5,STL,BOS,1,4,FALSE,1961,NBA,finals,7,1.75,4
7,LAL,BOS,3,4,FALSE,1962,NBA,finals,7,1.75,4
6,LAL,BOS,2,4,FALSE,1963,NBA,finals,7,1.75,4
5,SFW,BOS,1,4,FALSE,1964,NBA,finals,7,1.75,4
5,LAL,BOS,1,4,FALSE,1965,NBA,finals,7,1.75,4
7,LAL,BOS,3,4,FALSE,1966,NBA,finals,7,1.75,4
6,SFW,PHI,2,4,FALSE,1967,NBA,finals,7,1.75,4
7,NOB,PTP,3,4,FALSE,1968,ABA,finals,7,1.75,4
6,LAL,BOS,2,4,FALSE,1968,NBA,finals,7,1.75,4
5,INA,OAK,1,4,FALSE,1969,ABA,finals,7,1.75,4
7,LAL,BOS,3,4,FALSE,1969,NBA,finals,7,1.75,4
6,LAS,INA,2,4,FALSE,1970,ABA,finals,7,1.75,4
7,LAL,NYK,3,4,FALSE,1970,NBA,finals,7,1.75,4
7,KEN,UTS,3,4,FALSE,1971,ABA,finals,7,1.75,4
4,BAL,MIL,0,4,FALSE,1971,NBA,finals,7,1.75,4
6,NYA,INA,2,4,FALSE,1972,ABA,finals,7,1.75,4
5,NYK,LAL,1,4,FALSE,1972,NBA,finals,7,1.75,4
7,KEN,INA,3,4,FALSE,1973,ABA,finals,7,1.75,4
5,LAL,NYK,1,4,FALSE,1973,NBA,finals,7,1.75,4
5,UTS,NYA,1,4,FALSE,1974,ABA,finals,7,1.75,4
7,MIL,BOS,3,4,FALSE,1974,NBA,finals,7,1.75,4
5,INA,KEN,1,4,FALSE,1975,ABA,finals,7,1.75,4
4,WSB,GSW,0,4,FALSE,1975,NBA,finals,7,1.75,4
6,DNA,NYA,2,4,FALSE,1976,ABA,finals,7,1.75,4
6,PHO,BOS,2,4,FALSE,1976,NBA,finals,7,1.75,4
6,PHI,POR,2,4,FALSE,1977,NBA,finals,7,1.75,4
7,SEA,WSB,3,4,FALSE,1978,NBA,finals,7,1.75,4
5,WSB,SEA,1,4,FALSE,1979,NBA,finals,7,1.75,4
6,PHI,LAL,2,4,FALSE,1980,NBA,finals,7,1.75,4
6,HOU,BOS,2,4,FALSE,1981,NBA,finals,7,1.75,4
6,PHI,LAL,2,4,FALSE,1982,NBA,finals,7,1.75,4
4,LAL,PHI,0,4,FALSE,1983,NBA,finals,7,1.75,4
7,LAL,BOS,3,4,FALSE,1984,NBA,finals,7,1.75,4
6,BOS,LAL,2,4,FALSE,1985,NBA,finals,7,1.75,4
6,HOU,BOS,2,4,FALSE,1986,NBA,finals,7,1.75,4
6,BOS,LAL,2,4,FALSE,1987,NBA,finals,7,1.75,4
7,DET,LAL,3,4,FALSE,1988,NBA,finals,7,1.75,4
4,LAL,DET,0,4,FALSE,1989,NBA,finals,7,1.75,4
5,POR,DET,1,4,FALSE,1990,NBA,finals,7,1.75,4
5,LAL,CHI,1,4,FALSE,1991,NBA,finals,7,1.75,4
6,POR,CHI,2,4,FALSE,1992,NBA,finals,7,1.75,4
6,PHO,CHI,2,4,FALSE,1993,NBA,finals,7,1.75,4
7,NYK,HOU,3,4,FALSE,1994,NBA,finals,7,1.75,4
4,ORL,HOU,0,4,FALSE,1995,NBA,finals,7,1.75,4
6,SEA,CHI,2,4,FALSE,1996,NBA,finals,7,1.75,4
6,UTA,CHI,2,4,FALSE,1997,NBA,finals,7,1.75,4
6,UTA,CHI,2,4,FALSE,1998,NBA,finals,7,1.75,4
5,NYK,SAS,1,4,FALSE,1999,NBA,finals,7,1.75,4
6,IND,LAL,2,4,FALSE,2000,NBA,finals,7,1.75,4
5,PHI,LAL,1,4,FALSE,2001,NBA,finals,7,1.75,4
4,NJN,LAL,0,4,FALSE,2002,NBA,finals,7,1.75,4
6,NJN,SAS,2,4,FALSE,2003,NBA,finals,7,1.75,4
5,LAL,DET,1,4,FALSE,2004,NBA,finals,7,1.75,4
7,DET,SAS,3,4,FALSE,2005,NBA,finals,7,1.75,4
6,DAL,MIA,2,4,FALSE,2006,NBA,finals,7,1.75,4
4,CLE,SAS,0,4,FALSE,2007,NBA,finals,7,1.75,4
6,LAL,BOS,2,4,FALSE,2008,NBA,finals,7,1.75,4
5,ORL,LAL,1,4,FALSE,2009,NBA,finals,7,1.75,4
7,BOS,LAL,3,4,FALSE,2010,NBA,finals,7,1.75,4
6,MIA,DAL,2,4,FALSE,2011,NBA,finals,7,1.75,4
5,OKC,MIA,1,4,FALSE,2012,NBA,finals,7,1.75,4
7,SAS,MIA,3,4,FALSE,2013,NBA,finals,7,1.75,4
5,MIA,SAS,1,4,FALSE,2014,NBA,finals,7,1.75,4
6,CLE,GSW,2,4,FALSE,2015,NBA,finals,7,1.75,4
2,PHW,NYK,2,0,TRUE,1947,BAA,conf_finals,3,1.58,3
2,BLB,CHS,2,0,TRUE,1948,BAA,conf_finals,3,1.58,3
3,WSC,NYK,2,1,TRUE,1949,BAA,conf_finals,3,1.58,3
2,MNL,ROC,2,0,TRUE,1949,BAA,conf_finals,3,1.58,3
2,MNL,FTW,2,0,TRUE,1950,NBA,conf_finals,3,1.58,3
3,SYR,NYK,2,1,TRUE,1950,NBA,conf_finals,3,1.58,3
2,MNL,AND,2,0,TRUE,1950,NBA,conf_finals,3,1.58,3
3,AND,INO,2,1,TRUE,1950,NBA,conf_finals,3,1.58,3
2,SYR,BOS,2,0,TRUE,1954,NBA,conf_finals,3,1.58,3
3,MNL,ROC,2,1,TRUE,1954,NBA,conf_finals,3,1.58,3
5,NYK,SYR,3,2,TRUE,1951,NBA,conf_finals,5,1.58,3
4,ROC,MNL,3,1,TRUE,1951,NBA,conf_finals,5,1.58,3
4,NYK,SYR,3,1,TRUE,1952,NBA,conf_finals,5,1.58,3
4,MNL,ROC,3,1,TRUE,1952,NBA,conf_finals,5,1.58,3
4,NYK,BOS,3,1,TRUE,1953,NBA,conf_finals,5,1.58,3
5,MNL,FTW,3,2,TRUE,1953,NBA,conf_finals,5,1.58,3
4,SYR,BOS,3,1,TRUE,1955,NBA,conf_finals,5,1.58,3
4,FTW,MNL,3,1,TRUE,1955,NBA,conf_finals,5,1.58,3
5,PHW,SYR,3,2,TRUE,1956,NBA,conf_finals,5,1.58,3
5,FTW,STL,3,2,TRUE,1956,NBA,conf_finals,5,1.58,3
3,BOS,SYR,3,0,TRUE,1957,NBA,conf_finals,5,1.58,3
3,STL,MNL,3,0,TRUE,1957,NBA,conf_finals,5,1.58,3
6,CHS,WSC,4,2,TRUE,1947,BAA,conf_finals,7,1.58,3
7,PHW,STB,4,3,TRUE,1948,BAA,conf_finals,7,1.58,3
5,BOS,PHW,4,1,TRUE,1958,NBA,conf_finals,7,1.58,3
5,STL,DET,4,1,TRUE,1958,NBA,conf_finals,7,1.58,3
7,BOS,SYR,4,3,TRUE,1959,NBA,conf_finals,7,1.58,3
6,MNL,STL,4,2,TRUE,1959,NBA,conf_finals,7,1.58,3
6,BOS,PHW,4,2,TRUE,1960,NBA,conf_finals,7,1.58,3
7,STL,MNL,4,3,TRUE,1960,NBA,conf_finals,7,1.58,3
5,BOS,SYR,4,1,TRUE,1961,NBA,conf_finals,7,1.58,3
7,STL,LAL,4,3,TRUE,1961,NBA,conf_finals,7,1.58,3
7,BOS,PHW,4,3,TRUE,1962,NBA,conf_finals,7,1.58,3
6,LAL,DET,4,2,TRUE,1962,NBA,conf_finals,7,1.58,3
7,BOS,CIN,4,3,TRUE,1963,NBA,conf_finals,7,1.58,3
7,LAL,STL,4,3,TRUE,1963,NBA,conf_finals,7,1.58,3
5,BOS,CIN,4,1,TRUE,1964,NBA,conf_finals,7,1.58,3
7,SFW,STL,4,3,TRUE,1964,NBA,conf_finals,7,1.58,3
7,BOS,PHI,4,3,TRUE,1965,NBA,conf_finals,7,1.58,3
6,LAL,BAL,4,2,TRUE,1965,NBA,conf_finals,7,1.58,3
5,BOS,PHI,4,1,TRUE,1966,NBA,conf_finals,7,1.58,3
7,LAL,STL,4,3,TRUE,1966,NBA,conf_finals,7,1.58,3
5,PHI,BOS,4,1,TRUE,1967,NBA,conf_finals,7,1.58,3
6,SFW,STL,4,2,TRUE,1967,NBA,conf_finals,7,1.58,3
5,PTP,MNM,4,1,TRUE,1968,ABA,conf_finals,7,1.58,3
5,NOB,DLC,4,1,TRUE,1968,ABA,conf_finals,7,1.58,3
7,BOS,PHI,4,3,TRUE,1968,NBA,conf_finals,7,1.58,3
4,LAL,SFW,4,0,TRUE,1968,NBA,conf_finals,7,1.58,3
5,INA,MMF,4,1,TRUE,1969,ABA,conf_finals,7,1.58,3
4,OAK,NOB,4,0,TRUE,1969,ABA,conf_finals,7,1.58,3
6,BOS,NYK,4,2,TRUE,1969,NBA,conf_finals,7,1.58,3
5,LAL,ATL,4,1,TRUE,1969,NBA,conf_finals,7,1.58,3
5,INA,KEN,4,1,TRUE,1970,ABA,conf_finals,7,1.58,3
5,LAS,DNR,4,1,TRUE,1970,ABA,conf_finals,7,1.58,3
5,NYK,MIL,4,1,TRUE,1970,NBA,conf_finals,7,1.58,3
4,LAL,ATL,4,0,TRUE,1970,NBA,conf_finals,7,1.58,3
6,KEN,VIR,4,2,TRUE,1971,ABA,conf_finals,7,1.58,3
7,UTS,INA,4,3,TRUE,1971,ABA,conf_finals,7,1.58,3
7,BAL,NYK,4,3,TRUE,1971,NBA,conf_finals,7,1.58,3
5,MIL,LAL,4,1,TRUE,1971,NBA,conf_finals,7,1.58,3
7,LAL,CHI,4,3,TRUE,1971,NBA,conf_finals,7,1.58,3
5,MIL,SFW,4,1,TRUE,1971,NBA,conf_finals,7,1.58,3
7,NYA,VIR,4,3,TRUE,1972,ABA,conf_finals,7,1.58,3
7,INA,UTS,4,3,TRUE,1972,ABA,conf_finals,7,1.58,3
5,NYK,BOS,4,1,TRUE,1972,NBA,conf_finals,7,1.58,3
6,LAL,MIL,4,2,TRUE,1972,NBA,conf_finals,7,1.58,3
4,LAL,CHI,4,0,TRUE,1972,NBA,conf_finals,7,1.58,3
5,MIL,GSW,4,1,TRUE,1972,NBA,conf_finals,7,1.58,3
7,KEN,CAR,4,3,TRUE,1973,ABA,conf_finals,7,1.58,3
6,INA,UTS,4,2,TRUE,1973,ABA,conf_finals,7,1.58,3
7,NYK,BOS,4,3,TRUE,1973,NBA,conf_finals,7,1.58,3
5,LAL,GSW,4,1,TRUE,1973,NBA,conf_finals,7,1.58,3
6,GSW,MIL,4,2,TRUE,1973,NBA,conf_finals,7,1.58,3
7,LAL,CHI,4,3,TRUE,1973,NBA,conf_finals,7,1.58,3
4,NYA,KEN,4,0,TRUE,1974,ABA,conf_finals,7,1.58,3
7,UTS,INA,4,3,TRUE,1974,ABA,conf_finals,7,1.58,3
5,BOS,NYK,4,1,TRUE,1974,NBA,conf_finals,7,1.58,3
4,MIL,CHI,4,0,TRUE,1974,NBA,conf_finals,7,1.58,3
7,CHI,DET,4,3,TRUE,1974,NBA,conf_finals,7,1.58,3
5,MIL,LAL,4,1,TRUE,1974,NBA,conf_finals,7,1.58,3
5,KEN,SSL,4,1,TRUE,1975,ABA,conf_finals,7,1.58,3
7,INA,DNA,4,3,TRUE,1975,ABA,conf_finals,7,1.58,3
6,WSB,BOS,4,2,TRUE,1975,NBA,conf_finals,7,1.58,3
7,GSW,CHI,4,3,TRUE,1975,NBA,conf_finals,7,1.58,3
6,CHI,KCO,4,2,TRUE,1975,NBA,conf_finals,7,1.58,3
6,GSW,SEA,4,2,TRUE,1975,NBA,conf_finals,7,1.58,3
7,DNA,KEN,4,3,TRUE,1976,ABA,conf_finals,7,1.58,3
7,NYA,SAA,4,3,TRUE,1976,ABA,conf_finals,7,1.58,3
6,BOS,CLE,4,2,TRUE,1976,NBA,conf_finals,7,1.58,3
7,PHO,GSW,4,3,TRUE,1976,NBA,conf_finals,7,1.58,3
6,GSW,DET,4,2,TRUE,1976,NBA,conf_finals,7,1.58,3
6,PHO,SEA,4,2,TRUE,1976,NBA,conf_finals,7,1.58,3
6,PHI,HOU,4,2,TRUE,1977,NBA,conf_finals,7,1.58,3
4,POR,LAL,4,0,TRUE,1977,NBA,conf_finals,7,1.58,3
7,LAL,GSW,4,3,TRUE,1977,NBA,conf_finals,7,1.58,3
6,POR,DEN,4,2,TRUE,1977,NBA,conf_finals,7,1.58,3
6,WSB,PHI,4,2,TRUE,1978,NBA,conf_finals,7,1.58,3
6,SEA,DEN,4,2,TRUE,1978,NBA,conf_finals,7,1.58,3
7,DEN,MIL,4,3,TRUE,1978,NBA,conf_finals,7,1.58,3
6,SEA,POR,4,2,TRUE,1978,NBA,conf_finals,7,1.58,3
7,WSB,SAS,4,3,TRUE,1979,NBA,conf_finals,7,1.58,3
7,SEA,PHO,4,3,TRUE,1979,NBA,conf_finals,7,1.58,3
5,PHO,KCK,4,1,TRUE,1979,NBA,conf_finals,7,1.58,3
5,SEA,LAL,4,1,TRUE,1979,NBA,conf_finals,7,1.58,3
5,PHI,BOS,4,1,TRUE,1980,NBA,conf_finals,7,1.58,3
5,LAL,SEA,4,1,TRUE,1980,NBA,conf_finals,7,1.58,3
5,LAL,PHO,4,1,TRUE,1980,NBA,conf_finals,7,1.58,3
7,SEA,MIL,4,3,TRUE,1980,NBA,conf_finals,7,1.58,3
7,BOS,PHI,4,3,TRUE,1981,NBA,conf_finals,7,1.58,3
5,HOU,KCK,4,1,TRUE,1981,NBA,conf_finals,7,1.58,3
7,HOU,SAS,4,3,TRUE,1981,NBA,conf_finals,7,1.58,3
7,KCK,PHO,4,3,TRUE,1981,NBA,conf_finals,7,1.58,3
7,PHI,BOS,4,3,TRUE,1982,NBA,conf_finals,7,1.58,3
4,LAL,SAS,4,0,TRUE,1982,NBA,conf_finals,7,1.58,3
4,LAL,PHO,4,0,TRUE,1982,NBA,conf_finals,7,1.58,3
5,SAS,SEA,4,1,TRUE,1982,NBA,conf_finals,7,1.58,3
5,PHI,MIL,4,1,TRUE,1983,NBA,conf_finals,7,1.58,3
6,LAL,SAS,4,2,TRUE,1983,NBA,conf_finals,7,1.58,3
5,LAL,POR,4,1,TRUE,1983,NBA,conf_finals,7,1.58,3
5,SAS,DEN,4,1,TRUE,1983,NBA,conf_finals,7,1.58,3
5,BOS,MIL,4,1,TRUE,1984,NBA,conf_finals,7,1.58,3
6,LAL,PHO,4,2,TRUE,1984,NBA,conf_finals,7,1.58,3
5,LAL,DAL,4,1,TRUE,1984,NBA,conf_finals,7,1.58,3
6,PHO,UTA,4,2,TRUE,1984,NBA,conf_finals,7,1.58,3
5,BOS,PHI,4,1,TRUE,1985,NBA,conf_finals,7,1.58,3
5,LAL,DEN,4,1,TRUE,1985,NBA,conf_finals,7,1.58,3
5,DEN,UTA,4,1,TRUE,1985,NBA,conf_finals,7,1.58,3
5,LAL,POR,4,1,TRUE,1985,NBA,conf_finals,7,1.58,3
4,BOS,MIL,4,0,TRUE,1986,NBA,conf_finals,7,1.58,3
5,HOU,LAL,4,1,TRUE,1986,NBA,conf_finals,7,1.58,3
6,HOU,DEN,4,2,TRUE,1986,NBA,conf_finals,7,1.58,3
6,LAL,DAL,4,2,TRUE,1986,NBA,conf_finals,7,1.58,3
7,BOS,DET,4,3,TRUE,1987,NBA,conf_finals,7,1.58,3
4,LAL,SEA,4,0,TRUE,1987,NBA,conf_finals,7,1.58,3
5,LAL,GSW,4,1,TRUE,1987,NBA,conf_finals,7,1.58,3
6,SEA,HOU,4,2,TRUE,1987,NBA,conf_finals,7,1.58,3
6,DET,BOS,4,2,TRUE,1988,NBA,conf_finals,7,1.58,3
7,LAL,DAL,4,3,TRUE,1988,NBA,conf_finals,7,1.58,3
6,DAL,DEN,4,2,TRUE,1988,NBA,conf_finals,7,1.58,3
7,LAL,UTA,4,3,TRUE,1988,NBA,conf_finals,7,1.58,3
6,DET,CHI,4,2,TRUE,1989,NBA,conf_finals,7,1.58,3
4,LAL,PHO,4,0,TRUE,1989,NBA,conf_finals,7,1.58,3
4,LAL,SEA,4,0,TRUE,1989,NBA,conf_finals,7,1.58,3
5,PHO,GSW,4,1,TRUE,1989,NBA,conf_finals,7,1.58,3
7,DET,CHI,4,3,TRUE,1990,NBA,conf_finals,7,1.58,3
6,POR,PHO,4,2,TRUE,1990,NBA,conf_finals,7,1.58,3
5,PHO,LAL,4,1,TRUE,1990,NBA,conf_finals,7,1.58,3
7,POR,SAS,4,3,TRUE,1990,NBA,conf_finals,7,1.58,3
4,CHI,DET,4,0,TRUE,1991,NBA,conf_finals,7,1.58,3
6,LAL,POR,4,2,TRUE,1991,NBA,conf_finals,7,1.58,3
5,LAL,GSW,4,1,TRUE,1991,NBA,conf_finals,7,1.58,3
5,POR,UTA,4,1,TRUE,1991,NBA,conf_finals,7,1.58,3
6,CHI,CLE,4,2,TRUE,1992,NBA,conf_finals,7,1.58,3
6,POR,UTA,4,2,TRUE,1992,NBA,conf_finals,7,1.58,3
5,POR,PHO,4,1,TRUE,1992,NBA,conf_finals,7,1.58,3
5,UTA,SEA,4,1,TRUE,1992,NBA,conf_finals,7,1.58,3
6,CHI,NYK,4,2,TRUE,1993,NBA,conf_finals,7,1.58,3
7,PHO,SEA,4,3,TRUE,1993,NBA,conf_finals,7,1.58,3
6,PHO,SAS,4,2,TRUE,1993,NBA,conf_finals,7,1.58,3
7,SEA,HOU,4,3,TRUE,1993,NBA,conf_finals,7,1.58,3
7,NYK,IND,4,3,TRUE,1994,NBA,conf_finals,7,1.58,3
5,HOU,UTA,4,1,TRUE,1994,NBA,conf_finals,7,1.58,3
7,HOU,PHO,4,3,TRUE,1994,NBA,conf_finals,7,1.58,3
7,UTA,DEN,4,3,TRUE,1994,NBA,conf_finals,7,1.58,3
7,ORL,IND,4,3,TRUE,1995,NBA,conf_finals,7,1.58,3
6,HOU,SAS,4,2,TRUE,1995,NBA,conf_finals,7,1.58,3
7,HOU,PHO,4,3,TRUE,1995,NBA,conf_finals,7,1.58,3
6,SAS,LAL,4,2,TRUE,1995,NBA,conf_finals,7,1.58,3
4,CHI,ORL,4,0,TRUE,1996,NBA,conf_finals,7,1.58,3
7,SEA,UTA,4,3,TRUE,1996,NBA,conf_finals,7,1.58,3
4,SEA,HOU,4,0,TRUE,1996,NBA,conf_finals,7,1.58,3
6,UTA,SAS,4,2,TRUE,1996,NBA,conf_finals,7,1.58,3
5,CHI,MIA,4,1,TRUE,1997,NBA,conf_finals,7,1.58,3
6,UTA,HOU,4,2,TRUE,1997,NBA,conf_finals,7,1.58,3
7,HOU,SEA,4,3,TRUE,1997,NBA,conf_finals,7,1.58,3
5,UTA,LAL,4,1,TRUE,1997,NBA,conf_finals,7,1.58,3
7,CHI,IND,4,3,TRUE,1998,NBA,conf_finals,7,1.58,3
4,UTA,LAL,4,0,TRUE,1998,NBA,conf_finals,7,1.58,3
5,LAL,SEA,4,1,TRUE,1998,NBA,conf_finals,7,1.58,3
5,UTA,SAS,4,1,TRUE,1998,NBA,conf_finals,7,1.58,3
6,NYK,IND,4,2,TRUE,1999,NBA,conf_finals,7,1.58,3
4,SAS,POR,4,0,TRUE,1999,NBA,conf_finals,7,1.58,3
6,POR,UTA,4,2,TRUE,1999,NBA,conf_finals,7,1.58,3
4,SAS,LAL,4,0,TRUE,1999,NBA,conf_finals,7,1.58,3
6,IND,NYK,4,2,TRUE,2000,NBA,conf_finals,7,1.58,3
7,LAL,POR,4,3,TRUE,2000,NBA,conf_finals,7,1.58,3
5,LAL,PHO,4,1,TRUE,2000,NBA,conf_finals,7,1.58,3
5,POR,UTA,4,1,TRUE,2000,NBA,conf_finals,7,1.58,3
7,PHI,MIL,4,3,TRUE,2001,NBA,conf_finals,7,1.58,3
4,LAL,SAS,4,0,TRUE,2001,NBA,conf_finals,7,1.58,3
4,LAL,SAC,4,0,TRUE,2001,NBA,conf_finals,7,1.58,3
5,SAS,DAL,4,1,TRUE,2001,NBA,conf_finals,7,1.58,3
6,NJN,BOS,4,2,TRUE,2002,NBA,conf_finals,7,1.58,3
7,LAL,SAC,4,3,TRUE,2002,NBA,conf_finals,7,1.58,3
5,LAL,SAS,4,1,TRUE,2002,NBA,conf_finals,7,1.58,3
5,SAC,DAL,4,1,TRUE,2002,NBA,conf_finals,7,1.58,3
4,NJN,DET,4,0,TRUE,2003,NBA,conf_finals,7,1.58,3
6,SAS,DAL,4,2,TRUE,2003,NBA,conf_finals,7,1.58,3
7,DAL,SAC,4,3,TRUE,2003,NBA,conf_finals,7,1.58,3
6,SAS,LAL,4,2,TRUE,2003,NBA,conf_finals,7,1.58,3
6,DET,IND,4,2,TRUE,2004,NBA,conf_finals,7,1.58,3
6,LAL,MIN,4,2,TRUE,2004,NBA,conf_finals,7,1.58,3
6,LAL,SAS,4,2,TRUE,2004,NBA,conf_finals,7,1.58,3
7,MIN,SAC,4,3,TRUE,2004,NBA,conf_finals,7,1.58,3
7,DET,MIA,4,3,TRUE,2005,NBA,conf_finals,7,1.58,3
5,SAS,PHO,4,1,TRUE,2005,NBA,conf_finals,7,1.58,3
6,PHO,DAL,4,2,TRUE,2005,NBA,conf_finals,7,1.58,3
6,SAS,SEA,4,2,TRUE,2005,NBA,conf_finals,7,1.58,3
6,MIA,DET,4,2,TRUE,2006,NBA,conf_finals,7,1.58,3
6,DAL,PHO,4,2,TRUE,2006,NBA,conf_finals,7,1.58,3
7,DAL,SAS,4,3,TRUE,2006,NBA,conf_finals,7,1.58,3
7,PHO,LAC,4,3,TRUE,2006,NBA,conf_finals,7,1.58,3
6,CLE,DET,4,2,TRUE,2007,NBA,conf_finals,7,1.58,3
5,SAS,UTA,4,1,TRUE,2007,NBA,conf_finals,7,1.58,3
6,SAS,PHO,4,2,TRUE,2007,NBA,conf_finals,7,1.58,3
5,UTA,GSW,4,1,TRUE,2007,NBA,conf_finals,7,1.58,3
6,BOS,DET,4,2,TRUE,2008,NBA,conf_finals,7,1.58,3
5,LAL,SAS,4,1,TRUE,2008,NBA,conf_finals,7,1.58,3
6,LAL,UTA,4,2,TRUE,2008,NBA,conf_finals,7,1.58,3
7,SAS,NOH,4,3,TRUE,2008,NBA,conf_finals,7,1.58,3
6,ORL,CLE,4,2,TRUE,2009,NBA,conf_finals,7,1.58,3
6,LAL,DEN,4,2,TRUE,2009,NBA,conf_finals,7,1.58,3
7,LAL,HOU,4,3,TRUE,2009,NBA,conf_finals,7,1.58,3
5,DEN,DAL,4,1,TRUE,2009,NBA,conf_finals,7,1.58,3
6,BOS,ORL,4,2,TRUE,2010,NBA,conf_finals,7,1.58,3
6,LAL,PHO,4,2,TRUE,2010,NBA,conf_finals,7,1.58,3
4,LAL,UTA,4,0,TRUE,2010,NBA,conf_finals,7,1.58,3
4,PHO,SAS,4,0,TRUE,2010,NBA,conf_finals,7,1.58,3
5,MIA,CHI,4,1,TRUE,2011,NBA,conf_finals,7,1.58,3
5,DAL,OKC,4,1,TRUE,2011,NBA,conf_finals,7,1.58,3
4,DAL,LAL,4,0,TRUE,2011,NBA,conf_finals,7,1.58,3
7,OKC,MEM,4,3,TRUE,2011,NBA,conf_finals,7,1.58,3
7,MIA,BOS,4,3,TRUE,2012,NBA,conf_finals,7,1.58,3
6,OKC,SAS,4,2,TRUE,2012,NBA,conf_finals,7,1.58,3
4,SAS,LAC,4,0,TRUE,2012,NBA,conf_finals,7,1.58,3
5,OKC,LAL,4,1,TRUE,2012,NBA,conf_finals,7,1.58,3
7,MIA,IND,4,3,TRUE,2013,NBA,conf_finals,7,1.58,3
4,SAS,MEM,4,0,TRUE,2013,NBA,conf_finals,7,1.58,3
5,MEM,OKC,4,1,TRUE,2013,NBA,conf_finals,7,1.58,3
6,SAS,GSW,4,2,TRUE,2013,NBA,conf_finals,7,1.58,3
6,MIA,IND,4,2,TRUE,2014,NBA,conf_finals,7,1.58,3
6,SAS,OKC,4,2,TRUE,2014,NBA,conf_finals,7,1.58,3
5,SAS,POR,4,1,TRUE,2014,NBA,conf_finals,7,1.58,3
6,OKC,LAC,4,2,TRUE,2014,NBA,conf_finals,7,1.58,3
4,CLE,ATL,4,0,TRUE,2015,NBA,conf_finals,7,1.58,3
5,GSW,HOU,4,1,TRUE,2015,NBA,conf_finals,7,1.58,3
7,HOU,LAC,4,3,TRUE,2015,NBA,conf_finals,7,1.58,3
6,GSW,MEM,4,2,TRUE,2015,NBA,conf_finals,7,1.58,3
2,NYK,PHW,0,2,FALSE,1947,BAA,conf_finals,3,1.58,3
2,CHS,BLB,0,2,FALSE,1948,BAA,conf_finals,3,1.58,3
3,NYK,WSC,1,2,FALSE,1949,BAA,conf_finals,3,1.58,3
2,ROC,MNL,0,2,FALSE,1949,BAA,conf_finals,3,1.58,3
2,FTW,MNL,0,2,FALSE,1950,NBA,conf_finals,3,1.58,3
3,NYK,SYR,1,2,FALSE,1950,NBA,conf_finals,3,1.58,3
2,AND,MNL,0,2,FALSE,1950,NBA,conf_finals,3,1.58,3
3,INO,AND,1,2,FALSE,1950,NBA,conf_finals,3,1.58,3
2,BOS,SYR,0,2,FALSE,1954,NBA,conf_finals,3,1.58,3
3,ROC,MNL,1,2,FALSE,1954,NBA,conf_finals,3,1.58,3
5,SYR,NYK,2,3,FALSE,1951,NBA,conf_finals,5,1.58,3
4,MNL,ROC,1,3,FALSE,1951,NBA,conf_finals,5,1.58,3
4,SYR,NYK,1,3,FALSE,1952,NBA,conf_finals,5,1.58,3
4,ROC,MNL,1,3,FALSE,1952,NBA,conf_finals,5,1.58,3
4,BOS,NYK,1,3,FALSE,1953,NBA,conf_finals,5,1.58,3
5,FTW,MNL,2,3,FALSE,1953,NBA,conf_finals,5,1.58,3
4,BOS,SYR,1,3,FALSE,1955,NBA,conf_finals,5,1.58,3
4,MNL,FTW,1,3,FALSE,1955,NBA,conf_finals,5,1.58,3
5,SYR,PHW,2,3,FALSE,1956,NBA,conf_finals,5,1.58,3
5,STL,FTW,2,3,FALSE,1956,NBA,conf_finals,5,1.58,3
3,SYR,BOS,0,3,FALSE,1957,NBA,conf_finals,5,1.58,3
3,MNL,STL,0,3,FALSE,1957,NBA,conf_finals,5,1.58,3
6,WSC,CHS,2,4,FALSE,1947,BAA,conf_finals,7,1.58,3
7,STB,PHW,3,4,FALSE,1948,BAA,conf_finals,7,1.58,3
5,PHW,BOS,1,4,FALSE,1958,NBA,conf_finals,7,1.58,3
5,DET,STL,1,4,FALSE,1958,NBA,conf_finals,7,1.58,3
7,SYR,BOS,3,4,FALSE,1959,NBA,conf_finals,7,1.58,3
6,STL,MNL,2,4,FALSE,1959,NBA,conf_finals,7,1.58,3
6,PHW,BOS,2,4,FALSE,1960,NBA,conf_finals,7,1.58,3
7,MNL,STL,3,4,FALSE,1960,NBA,conf_finals,7,1.58,3
5,SYR,BOS,1,4,FALSE,1961,NBA,conf_finals,7,1.58,3
7,LAL,STL,3,4,FALSE,1961,NBA,conf_finals,7,1.58,3
7,PHW,BOS,3,4,FALSE,1962,NBA,conf_finals,7,1.58,3
6,DET,LAL,2,4,FALSE,1962,NBA,conf_finals,7,1.58,3
7,CIN,BOS,3,4,FALSE,1963,NBA,conf_finals,7,1.58,3
7,STL,LAL,3,4,FALSE,1963,NBA,conf_finals,7,1.58,3
5,CIN,BOS,1,4,FALSE,1964,NBA,conf_finals,7,1.58,3
7,STL,SFW,3,4,FALSE,1964,NBA,conf_finals,7,1.58,3
7,PHI,BOS,3,4,FALSE,1965,NBA,conf_finals,7,1.58,3
6,BAL,LAL,2,4,FALSE,1965,NBA,conf_finals,7,1.58,3
5,PHI,BOS,1,4,FALSE,1966,NBA,conf_finals,7,1.58,3
7,STL,LAL,3,4,FALSE,1966,NBA,conf_finals,7,1.58,3
5,BOS,PHI,1,4,FALSE,1967,NBA,conf_finals,7,1.58,3
6,STL,SFW,2,4,FALSE,1967,NBA,conf_finals,7,1.58,3
5,MNM,PTP,1,4,FALSE,1968,ABA,conf_finals,7,1.58,3
5,DLC,NOB,1,4,FALSE,1968,ABA,conf_finals,7,1.58,3
7,PHI,BOS,3,4,FALSE,1968,NBA,conf_finals,7,1.58,3
4,SFW,LAL,0,4,FALSE,1968,NBA,conf_finals,7,1.58,3
5,MMF,INA,1,4,FALSE,1969,ABA,conf_finals,7,1.58,3
4,NOB,OAK,0,4,FALSE,1969,ABA,conf_finals,7,1.58,3
6,NYK,BOS,2,4,FALSE,1969,NBA,conf_finals,7,1.58,3
5,ATL,LAL,1,4,FALSE,1969,NBA,conf_finals,7,1.58,3
5,KEN,INA,1,4,FALSE,1970,ABA,conf_finals,7,1.58,3
5,DNR,LAS,1,4,FALSE,1970,ABA,conf_finals,7,1.58,3
5,MIL,NYK,1,4,FALSE,1970,NBA,conf_finals,7,1.58,3
4,ATL,LAL,0,4,FALSE,1970,NBA,conf_finals,7,1.58,3
6,VIR,KEN,2,4,FALSE,1971,ABA,conf_finals,7,1.58,3
7,INA,UTS,3,4,FALSE,1971,ABA,conf_finals,7,1.58,3
7,NYK,BAL,3,4,FALSE,1971,NBA,conf_finals,7,1.58,3
5,LAL,MIL,1,4,FALSE,1971,NBA,conf_finals,7,1.58,3
7,CHI,LAL,3,4,FALSE,1971,NBA,conf_finals,7,1.58,3
5,SFW,MIL,1,4,FALSE,1971,NBA,conf_finals,7,1.58,3
7,VIR,NYA,3,4,FALSE,1972,ABA,conf_finals,7,1.58,3
7,UTS,INA,3,4,FALSE,1972,ABA,conf_finals,7,1.58,3
5,BOS,NYK,1,4,FALSE,1972,NBA,conf_finals,7,1.58,3
6,MIL,LAL,2,4,FALSE,1972,NBA,conf_finals,7,1.58,3
4,CHI,LAL,0,4,FALSE,1972,NBA,conf_finals,7,1.58,3
5,GSW,MIL,1,4,FALSE,1972,NBA,conf_finals,7,1.58,3
7,CAR,KEN,3,4,FALSE,1973,ABA,conf_finals,7,1.58,3
6,UTS,INA,2,4,FALSE,1973,ABA,conf_finals,7,1.58,3
7,BOS,NYK,3,4,FALSE,1973,NBA,conf_finals,7,1.58,3
5,GSW,LAL,1,4,FALSE,1973,NBA,conf_finals,7,1.58,3
6,MIL,GSW,2,4,FALSE,1973,NBA,conf_finals,7,1.58,3
7,CHI,LAL,3,4,FALSE,1973,NBA,conf_finals,7,1.58,3
4,KEN,NYA,0,4,FALSE,1974,ABA,conf_finals,7,1.58,3
7,INA,UTS,3,4,FALSE,1974,ABA,conf_finals,7,1.58,3
5,NYK,BOS,1,4,FALSE,1974,NBA,conf_finals,7,1.58,3
4,CHI,MIL,0,4,FALSE,1974,NBA,conf_finals,7,1.58,3
7,DET,CHI,3,4,FALSE,1974,NBA,conf_finals,7,1.58,3
5,LAL,MIL,1,4,FALSE,1974,NBA,conf_finals,7,1.58,3
5,SSL,KEN,1,4,FALSE,1975,ABA,conf_finals,7,1.58,3
7,DNA,INA,3,4,FALSE,1975,ABA,conf_finals,7,1.58,3
6,BOS,WSB,2,4,FALSE,1975,NBA,conf_finals,7,1.58,3
7,CHI,GSW,3,4,FALSE,1975,NBA,conf_finals,7,1.58,3
6,KCO,CHI,2,4,FALSE,1975,NBA,conf_finals,7,1.58,3
6,SEA,GSW,2,4,FALSE,1975,NBA,conf_finals,7,1.58,3
7,KEN,DNA,3,4,FALSE,1976,ABA,conf_finals,7,1.58,3
7,SAA,NYA,3,4,FALSE,1976,ABA,conf_finals,7,1.58,3
6,CLE,BOS,2,4,FALSE,1976,NBA,conf_finals,7,1.58,3
7,GSW,PHO,3,4,FALSE,1976,NBA,conf_finals,7,1.58,3
6,DET,GSW,2,4,FALSE,1976,NBA,conf_finals,7,1.58,3
6,SEA,PHO,2,4,FALSE,1976,NBA,conf_finals,7,1.58,3
6,HOU,PHI,2,4,FALSE,1977,NBA,conf_finals,7,1.58,3
4,LAL,POR,0,4,FALSE,1977,NBA,conf_finals,7,1.58,3
7,GSW,LAL,3,4,FALSE,1977,NBA,conf_finals,7,1.58,3
6,DEN,POR,2,4,FALSE,1977,NBA,conf_finals,7,1.58,3
6,PHI,WSB,2,4,FALSE,1978,NBA,conf_finals,7,1.58,3
6,DEN,SEA,2,4,FALSE,1978,NBA,conf_finals,7,1.58,3
7,MIL,DEN,3,4,FALSE,1978,NBA,conf_finals,7,1.58,3
6,POR,SEA,2,4,FALSE,1978,NBA,conf_finals,7,1.58,3
7,SAS,WSB,3,4,FALSE,1979,NBA,conf_finals,7,1.58,3
7,PHO,SEA,3,4,FALSE,1979,NBA,conf_finals,7,1.58,3
5,KCK,PHO,1,4,FALSE,1979,NBA,conf_finals,7,1.58,3
5,LAL,SEA,1,4,FALSE,1979,NBA,conf_finals,7,1.58,3
5,BOS,PHI,1,4,FALSE,1980,NBA,conf_finals,7,1.58,3
5,SEA,LAL,1,4,FALSE,1980,NBA,conf_finals,7,1.58,3
5,PHO,LAL,1,4,FALSE,1980,NBA,conf_finals,7,1.58,3
7,MIL,SEA,3,4,FALSE,1980,NBA,conf_finals,7,1.58,3
7,PHI,BOS,3,4,FALSE,1981,NBA,conf_finals,7,1.58,3
5,KCK,HOU,1,4,FALSE,1981,NBA,conf_finals,7,1.58,3
7,SAS,HOU,3,4,FALSE,1981,NBA,conf_finals,7,1.58,3
7,PHO,KCK,3,4,FALSE,1981,NBA,conf_finals,7,1.58,3
7,BOS,PHI,3,4,FALSE,1982,NBA,conf_finals,7,1.58,3
4,SAS,LAL,0,4,FALSE,1982,NBA,conf_finals,7,1.58,3
4,PHO,LAL,0,4,FALSE,1982,NBA,conf_finals,7,1.58,3
5,SEA,SAS,1,4,FALSE,1982,NBA,conf_finals,7,1.58,3
5,MIL,PHI,1,4,FALSE,1983,NBA,conf_finals,7,1.58,3
6,SAS,LAL,2,4,FALSE,1983,NBA,conf_finals,7,1.58,3
5,POR,LAL,1,4,FALSE,1983,NBA,conf_finals,7,1.58,3
5,DEN,SAS,1,4,FALSE,1983,NBA,conf_finals,7,1.58,3
5,MIL,BOS,1,4,FALSE,1984,NBA,conf_finals,7,1.58,3
6,PHO,LAL,2,4,FALSE,1984,NBA,conf_finals,7,1.58,3
5,DAL,LAL,1,4,FALSE,1984,NBA,conf_finals,7,1.58,3
6,UTA,PHO,2,4,FALSE,1984,NBA,conf_finals,7,1.58,3
5,PHI,BOS,1,4,FALSE,1985,NBA,conf_finals,7,1.58,3
5,DEN,LAL,1,4,FALSE,1985,NBA,conf_finals,7,1.58,3
5,UTA,DEN,1,4,FALSE,1985,NBA,conf_finals,7,1.58,3
5,POR,LAL,1,4,FALSE,1985,NBA,conf_finals,7,1.58,3
4,MIL,BOS,0,4,FALSE,1986,NBA,conf_finals,7,1.58,3
5,LAL,HOU,1,4,FALSE,1986,NBA,conf_finals,7,1.58,3
6,DEN,HOU,2,4,FALSE,1986,NBA,conf_finals,7,1.58,3
6,DAL,LAL,2,4,FALSE,1986,NBA,conf_finals,7,1.58,3
7,DET,BOS,3,4,FALSE,1987,NBA,conf_finals,7,1.58,3
4,SEA,LAL,0,4,FALSE,1987,NBA,conf_finals,7,1.58,3
5,GSW,LAL,1,4,FALSE,1987,NBA,conf_finals,7,1.58,3
6,HOU,SEA,2,4,FALSE,1987,NBA,conf_finals,7,1.58,3
6,BOS,DET,2,4,FALSE,1988,NBA,conf_finals,7,1.58,3
7,DAL,LAL,3,4,FALSE,1988,NBA,conf_finals,7,1.58,3
6,DEN,DAL,2,4,FALSE,1988,NBA,conf_finals,7,1.58,3
7,UTA,LAL,3,4,FALSE,1988,NBA,conf_finals,7,1.58,3
6,CHI,DET,2,4,FALSE,1989,NBA,conf_finals,7,1.58,3
4,PHO,LAL,0,4,FALSE,1989,NBA,conf_finals,7,1.58,3
4,SEA,LAL,0,4,FALSE,1989,NBA,conf_finals,7,1.58,3
5,GSW,PHO,1,4,FALSE,1989,NBA,conf_finals,7,1.58,3
7,CHI,DET,3,4,FALSE,1990,NBA,conf_finals,7,1.58,3
6,PHO,POR,2,4,FALSE,1990,NBA,conf_finals,7,1.58,3
5,LAL,PHO,1,4,FALSE,1990,NBA,conf_finals,7,1.58,3
7,SAS,POR,3,4,FALSE,1990,NBA,conf_finals,7,1.58,3
4,DET,CHI,0,4,FALSE,1991,NBA,conf_finals,7,1.58,3
6,POR,LAL,2,4,FALSE,1991,NBA,conf_finals,7,1.58,3
5,GSW,LAL,1,4,FALSE,1991,NBA,conf_finals,7,1.58,3
5,UTA,POR,1,4,FALSE,1991,NBA,conf_finals,7,1.58,3
6,CLE,CHI,2,4,FALSE,1992,NBA,conf_finals,7,1.58,3
6,UTA,POR,2,4,FALSE,1992,NBA,conf_finals,7,1.58,3
5,PHO,POR,1,4,FALSE,1992,NBA,conf_finals,7,1.58,3
5,SEA,UTA,1,4,FALSE,1992,NBA,conf_finals,7,1.58,3
6,NYK,CHI,2,4,FALSE,1993,NBA,conf_finals,7,1.58,3
7,SEA,PHO,3,4,FALSE,1993,NBA,conf_finals,7,1.58,3
6,SAS,PHO,2,4,FALSE,1993,NBA,conf_finals,7,1.58,3
7,HOU,SEA,3,4,FALSE,1993,NBA,conf_finals,7,1.58,3
7,IND,NYK,3,4,FALSE,1994,NBA,conf_finals,7,1.58,3
5,UTA,HOU,1,4,FALSE,1994,NBA,conf_finals,7,1.58,3
7,PHO,HOU,3,4,FALSE,1994,NBA,conf_finals,7,1.58,3
7,DEN,UTA,3,4,FALSE,1994,NBA,conf_finals,7,1.58,3
7,IND,ORL,3,4,FALSE,1995,NBA,conf_finals,7,1.58,3
6,SAS,HOU,2,4,FALSE,1995,NBA,conf_finals,7,1.58,3
7,PHO,HOU,3,4,FALSE,1995,NBA,conf_finals,7,1.58,3
6,LAL,SAS,2,4,FALSE,1995,NBA,conf_finals,7,1.58,3
4,ORL,CHI,0,4,FALSE,1996,NBA,conf_finals,7,1.58,3
7,UTA,SEA,3,4,FALSE,1996,NBA,conf_finals,7,1.58,3
4,HOU,SEA,0,4,FALSE,1996,NBA,conf_finals,7,1.58,3
6,SAS,UTA,2,4,FALSE,1996,NBA,conf_finals,7,1.58,3
5,MIA,CHI,1,4,FALSE,1997,NBA,conf_finals,7,1.58,3
6,HOU,UTA,2,4,FALSE,1997,NBA,conf_finals,7,1.58,3
7,SEA,HOU,3,4,FALSE,1997,NBA,conf_finals,7,1.58,3
5,LAL,UTA,1,4,FALSE,1997,NBA,conf_finals,7,1.58,3
7,IND,CHI,3,4,FALSE,1998,NBA,conf_finals,7,1.58,3
4,LAL,UTA,0,4,FALSE,1998,NBA,conf_finals,7,1.58,3
5,SEA,LAL,1,4,FALSE,1998,NBA,conf_finals,7,1.58,3
5,SAS,UTA,1,4,FALSE,1998,NBA,conf_finals,7,1.58,3
6,IND,NYK,2,4,FALSE,1999,NBA,conf_finals,7,1.58,3
4,POR,SAS,0,4,FALSE,1999,NBA,conf_finals,7,1.58,3
6,UTA,POR,2,4,FALSE,1999,NBA,conf_finals,7,1.58,3
4,LAL,SAS,0,4,FALSE,1999,NBA,conf_finals,7,1.58,3
6,NYK,IND,2,4,FALSE,2000,NBA,conf_finals,7,1.58,3
7,POR,LAL,3,4,FALSE,2000,NBA,conf_finals,7,1.58,3
5,PHO,LAL,1,4,FALSE,2000,NBA,conf_finals,7,1.58,3
5,UTA,POR,1,4,FALSE,2000,NBA,conf_finals,7,1.58,3
7,MIL,PHI,3,4,FALSE,2001,NBA,conf_finals,7,1.58,3
4,SAS,LAL,0,4,FALSE,2001,NBA,conf_finals,7,1.58,3
4,SAC,LAL,0,4,FALSE,2001,NBA,conf_finals,7,1.58,3
5,DAL,SAS,1,4,FALSE,2001,NBA,conf_finals,7,1.58,3
6,BOS,NJN,2,4,FALSE,2002,NBA,conf_finals,7,1.58,3
7,SAC,LAL,3,4,FALSE,2002,NBA,conf_finals,7,1.58,3
5,SAS,LAL,1,4,FALSE,2002,NBA,conf_finals,7,1.58,3
5,DAL,SAC,1,4,FALSE,2002,NBA,conf_finals,7,1.58,3
4,DET,NJN,0,4,FALSE,2003,NBA,conf_finals,7,1.58,3
6,DAL,SAS,2,4,FALSE,2003,NBA,conf_finals,7,1.58,3
7,SAC,DAL,3,4,FALSE,2003,NBA,conf_finals,7,1.58,3
6,LAL,SAS,2,4,FALSE,2003,NBA,conf_finals,7,1.58,3
6,IND,DET,2,4,FALSE,2004,NBA,conf_finals,7,1.58,3
6,MIN,LAL,2,4,FALSE,2004,NBA,conf_finals,7,1.58,3
6,SAS,LAL,2,4,FALSE,2004,NBA,conf_finals,7,1.58,3
7,SAC,MIN,3,4,FALSE,2004,NBA,conf_finals,7,1.58,3
7,MIA,DET,3,4,FALSE,2005,NBA,conf_finals,7,1.58,3
5,PHO,SAS,1,4,FALSE,2005,NBA,conf_finals,7,1.58,3
6,DAL,PHO,2,4,FALSE,2005,NBA,conf_finals,7,1.58,3
6,SEA,SAS,2,4,FALSE,2005,NBA,conf_finals,7,1.58,3
6,DET,MIA,2,4,FALSE,2006,NBA,conf_finals,7,1.58,3
6,PHO,DAL,2,4,FALSE,2006,NBA,conf_finals,7,1.58,3
7,SAS,DAL,3,4,FALSE,2006,NBA,conf_finals,7,1.58,3
7,LAC,PHO,3,4,FALSE,2006,NBA,conf_finals,7,1.58,3
6,DET,CLE,2,4,FALSE,2007,NBA,conf_finals,7,1.58,3
5,UTA,SAS,1,4,FALSE,2007,NBA,conf_finals,7,1.58,3
6,PHO,SAS,2,4,FALSE,2007,NBA,conf_finals,7,1.58,3
5,GSW,UTA,1,4,FALSE,2007,NBA,conf_finals,7,1.58,3
6,DET,BOS,2,4,FALSE,2008,NBA,conf_finals,7,1.58,3
5,SAS,LAL,1,4,FALSE,2008,NBA,conf_finals,7,1.58,3
6,UTA,LAL,2,4,FALSE,2008,NBA,conf_finals,7,1.58,3
7,NOH,SAS,3,4,FALSE,2008,NBA,conf_finals,7,1.58,3
6,CLE,ORL,2,4,FALSE,2009,NBA,conf_finals,7,1.58,3
6,DEN,LAL,2,4,FALSE,2009,NBA,conf_finals,7,1.58,3
7,HOU,LAL,3,4,FALSE,2009,NBA,conf_finals,7,1.58,3
5,DAL,DEN,1,4,FALSE,2009,NBA,conf_finals,7,1.58,3
6,ORL,BOS,2,4,FALSE,2010,NBA,conf_finals,7,1.58,3
6,PHO,LAL,2,4,FALSE,2010,NBA,conf_finals,7,1.58,3
4,UTA,LAL,0,4,FALSE,2010,NBA,conf_finals,7,1.58,3
4,SAS,PHO,0,4,FALSE,2010,NBA,conf_finals,7,1.58,3
5,CHI,MIA,1,4,FALSE,2011,NBA,conf_finals,7,1.58,3
5,OKC,DAL,1,4,FALSE,2011,NBA,conf_finals,7,1.58,3
4,LAL,DAL,0,4,FALSE,2011,NBA,conf_finals,7,1.58,3
7,MEM,OKC,3,4,FALSE,2011,NBA,conf_finals,7,1.58,3
7,BOS,MIA,3,4,FALSE,2012,NBA,conf_finals,7,1.58,3
6,SAS,OKC,2,4,FALSE,2012,NBA,conf_finals,7,1.58,3
4,LAC,SAS,0,4,FALSE,2012,NBA,conf_finals,7,1.58,3
5,LAL,OKC,1,4,FALSE,2012,NBA,conf_finals,7,1.58,3
7,IND,MIA,3,4,FALSE,2013,NBA,conf_finals,7,1.58,3
4,MEM,SAS,0,4,FALSE,2013,NBA,conf_finals,7,1.58,3
5,OKC,MEM,1,4,FALSE,2013,NBA,conf_finals,7,1.58,3
6,GSW,SAS,2,4,FALSE,2013,NBA,conf_finals,7,1.58,3
6,IND,MIA,2,4,FALSE,2014,NBA,conf_finals,7,1.58,3
6,OKC,SAS,2,4,FALSE,2014,NBA,conf_finals,7,1.58,3
5,POR,SAS,1,4,FALSE,2014,NBA,conf_finals,7,1.58,3
6,LAC,OKC,2,4,FALSE,2014,NBA,conf_finals,7,1.58,3
4,ATL,CLE,0,4,FALSE,2015,NBA,conf_finals,7,1.58,3
5,HOU,GSW,1,4,FALSE,2015,NBA,conf_finals,7,1.58,3
7,LAC,HOU,3,4,FALSE,2015,NBA,conf_finals,7,1.58,3
6,MEM,GSW,2,4,FALSE,2015,NBA,conf_finals,7,1.58,3
3,NYK,CLR,2,1,TRUE,1947,BAA,conf_semis,3,1.28,2
3,PHW,STB,2,1,TRUE,1947,BAA,conf_semis,3,1.28,2
3,BLB,NYK,2,1,TRUE,1948,BAA,conf_semis,3,1.28,2
3,CHS,BOS,2,1,TRUE,1948,BAA,conf_semis,3,1.28,2
3,NYK,BLB,2,1,TRUE,1949,BAA,conf_semis,3,1.28,2
2,WSC,PHW,2,0,TRUE,1949,BAA,conf_semis,3,1.28,2
2,MNL,CHS,2,0,TRUE,1949,BAA,conf_semis,3,1.28,2
2,ROC,STB,2,0,TRUE,1949,BAA,conf_semis,3,1.28,2
2,FTW,ROC,2,0,TRUE,1950,NBA,conf_semis,3,1.28,2
2,MNL,CHS,2,0,TRUE,1950,NBA,conf_semis,3,1.28,2
2,NYK,WSC,2,0,TRUE,1950,NBA,conf_semis,3,1.28,2
2,SYR,PHW,2,0,TRUE,1950,NBA,conf_semis,3,1.28,2
3,AND,TRI,2,1,TRUE,1950,NBA,conf_semis,3,1.28,2
3,INO,SHE,2,1,TRUE,1950,NBA,conf_semis,3,1.28,2
2,NYK,BOS,2,0,TRUE,1951,NBA,conf_semis,3,1.28,2
2,SYR,PHW,2,0,TRUE,1951,NBA,conf_semis,3,1.28,2
3,MNL,INO,2,1,TRUE,1951,NBA,conf_semis,3,1.28,2
3,ROC,FTW,2,1,TRUE,1951,NBA,conf_semis,3,1.28,2
3,NYK,BOS,2,1,TRUE,1952,NBA,conf_semis,3,1.28,2
3,SYR,PHW,2,1,TRUE,1952,NBA,conf_semis,3,1.28,2
2,MNL,INO,2,0,TRUE,1952,NBA,conf_semis,3,1.28,2
2,ROC,FTW,2,0,TRUE,1952,NBA,conf_semis,3,1.28,2
2,BOS,SYR,2,0,TRUE,1953,NBA,conf_semis,3,1.28,2
2,NYK,BLB,2,0,TRUE,1953,NBA,conf_semis,3,1.28,2
3,FTW,ROC,2,1,TRUE,1953,NBA,conf_semis,3,1.28,2
2,MNL,INO,2,0,TRUE,1953,NBA,conf_semis,3,1.28,2
3,BOS,NYK,2,1,TRUE,1955,NBA,conf_semis,3,1.28,2
3,MNL,ROC,2,1,TRUE,1955,NBA,conf_semis,3,1.28,2
3,SYR,BOS,2,1,TRUE,1956,NBA,conf_semis,3,1.28,2
3,STL,MNL,2,1,TRUE,1956,NBA,conf_semis,3,1.28,2
2,SYR,PHW,2,0,TRUE,1957,NBA,conf_semis,3,1.28,2
2,MNL,FTW,2,0,TRUE,1957,NBA,conf_semis,3,1.28,2
3,PHW,SYR,2,1,TRUE,1958,NBA,conf_semis,3,1.28,2
2,DET,CIN,2,0,TRUE,1958,NBA,conf_semis,3,1.28,2
2,SYR,NYK,2,0,TRUE,1959,NBA,conf_semis,3,1.28,2
3,MNL,DET,2,1,TRUE,1959,NBA,conf_semis,3,1.28,2
3,PHW,SYR,2,1,TRUE,1960,NBA,conf_semis,3,1.28,2
2,MNL,DET,2,0,TRUE,1960,NBA,conf_semis,3,1.28,2
3,KEN,INA,2,1,TRUE,1976,ABA,conf_semis,3,1.28,2
3,SYR,PHW,3,0,TRUE,1961,NBA,conf_semis,5,1.28,2
5,LAL,DET,3,2,TRUE,1961,NBA,conf_semis,5,1.28,2
5,PHW,SYR,3,2,TRUE,1962,NBA,conf_semis,5,1.28,2
4,DET,CIN,3,1,TRUE,1962,NBA,conf_semis,5,1.28,2
5,CIN,SYR,3,2,TRUE,1963,NBA,conf_semis,5,1.28,2
4,STL,DET,3,1,TRUE,1963,NBA,conf_semis,5,1.28,2
5,CIN,PHI,3,2,TRUE,1964,NBA,conf_semis,5,1.28,2
5,STL,LAL,3,2,TRUE,1964,NBA,conf_semis,5,1.28,2
4,PHI,CIN,3,1,TRUE,1965,NBA,conf_semis,5,1.28,2
4,BAL,STL,3,1,TRUE,1965,NBA,conf_semis,5,1.28,2
5,BOS,CIN,3,2,TRUE,1966,NBA,conf_semis,5,1.28,2
3,STL,BAL,3,0,TRUE,1966,NBA,conf_semis,5,1.28,2
4,BOS,NYK,3,1,TRUE,1967,NBA,conf_semis,5,1.28,2
4,PHI,CIN,3,1,TRUE,1967,NBA,conf_semis,5,1.28,2
3,SFW,LAL,3,0,TRUE,1967,NBA,conf_semis,5,1.28,2
3,STL,CHI,3,0,TRUE,1967,NBA,conf_semis,5,1.28,2
5,MNM,KEN,3,2,TRUE,1968,ABA,conf_semis,5,1.28,2
3,PTP,INA,3,0,TRUE,1968,ABA,conf_semis,5,1.28,2
3,DLC,HSM,3,0,TRUE,1968,ABA,conf_semis,5,1.28,2
5,NOB,DNR,3,2,TRUE,1968,ABA,conf_semis,5,1.28,2
6,BOS,DET,4,2,TRUE,1968,NBA,conf_semis,7,1.28,2
6,PHI,NYK,4,2,TRUE,1968,NBA,conf_semis,7,1.28,2
5,LAL,CHI,4,1,TRUE,1968,NBA,conf_semis,7,1.28,2
6,SFW,STL,4,2,TRUE,1968,NBA,conf_semis,7,1.28,2
7,INA,KEN,4,3,TRUE,1969,ABA,conf_semis,7,1.28,2
7,MMF,MNP,4,3,TRUE,1969,ABA,conf_semis,7,1.28,2
7,NOB,DLC,4,3,TRUE,1969,ABA,conf_semis,7,1.28,2
7,OAK,DNR,4,3,TRUE,1969,ABA,conf_semis,7,1.28,2
5,BOS,PHI,4,1,TRUE,1969,NBA,conf_semis,7,1.28,2
4,NYK,BAL,4,0,TRUE,1969,NBA,conf_semis,7,1.28,2
6,ATL,SDR,4,2,TRUE,1969,NBA,conf_semis,7,1.28,2
6,LAL,SFW,4,2,TRUE,1969,NBA,conf_semis,7,1.28,2
4,INA,CAR,4,0,TRUE,1970,ABA,conf_semis,7,1.28,2
7,KEN,NYA,4,3,TRUE,1970,ABA,conf_semis,7,1.28,2
7,DNR,WSA,4,3,TRUE,1970,ABA,conf_semis,7,1.28,2
6,LAS,DLC,4,2,TRUE,1970,ABA,conf_semis,7,1.28,2
5,MIL,PHI,4,1,TRUE,1970,NBA,conf_semis,7,1.28,2
7,NYK,BAL,4,3,TRUE,1970,NBA,conf_semis,7,1.28,2
5,ATL,CHI,4,1,TRUE,1970,NBA,conf_semis,7,1.28,2
7,LAL,PHO,4,3,TRUE,1970,NBA,conf_semis,7,1.28,2
6,KEN,FLO,4,2,TRUE,1971,ABA,conf_semis,7,1.28,2
6,VIR,NYA,4,2,TRUE,1971,ABA,conf_semis,7,1.28,2
4,INA,MMP,4,0,TRUE,1971,ABA,conf_semis,7,1.28,2
4,UTS,TEX,4,0,TRUE,1971,ABA,conf_semis,7,1.28,2
7,BAL,PHI,4,3,TRUE,1971,NBA,conf_semis,7,1.28,2
5,NYK,ATL,4,1,TRUE,1971,NBA,conf_semis,7,1.28,2
6,NYA,KEN,4,2,TRUE,1972,ABA,conf_semis,7,1.28,2
4,VIR,FLO,4,0,TRUE,1972,ABA,conf_semis,7,1.28,2
7,INA,DNR,4,3,TRUE,1972,ABA,conf_semis,7,1.28,2
4,UTS,DLC,4,0,TRUE,1972,ABA,conf_semis,7,1.28,2
6,BOS,ATL,4,2,TRUE,1972,NBA,conf_semis,7,1.28,2
6,NYK,BAL,4,2,TRUE,1972,NBA,conf_semis,7,1.28,2
5,CAR,NYA,4,1,TRUE,1973,ABA,conf_semis,7,1.28,2
5,KEN,VIR,4,1,TRUE,1973,ABA,conf_semis,7,1.28,2
5,INA,DNR,4,1,TRUE,1973,ABA,conf_semis,7,1.28,2
4,UTS,SDA,4,0,TRUE,1973,ABA,conf_semis,7,1.28,2
6,BOS,ATL,4,2,TRUE,1973,NBA,conf_semis,7,1.28,2
5,NYK,BAL,4,1,TRUE,1973,NBA,conf_semis,7,1.28,2
4,KEN,CAR,4,0,TRUE,1974,ABA,conf_semis,7,1.28,2
5,NYA,VIR,4,1,TRUE,1974,ABA,conf_semis,7,1.28,2
7,INA,SAA,4,3,TRUE,1974,ABA,conf_semis,7,1.28,2
6,UTS,SDA,4,2,TRUE,1974,ABA,conf_semis,7,1.28,2
6,BOS,BUF,4,2,TRUE,1974,NBA,conf_semis,7,1.28,2
7,NYK,CAP,4,3,TRUE,1974,NBA,conf_semis,7,1.28,2
5,KEN,MMS,4,1,TRUE,1975,ABA,conf_semis,7,1.28,2
5,SSL,NYA,4,1,TRUE,1975,ABA,conf_semis,7,1.28,2
6,DNA,UTS,4,2,TRUE,1975,ABA,conf_semis,7,1.28,2
6,INA,SAA,4,2,TRUE,1975,ABA,conf_semis,7,1.28,2
5,BOS,HOU,4,1,TRUE,1975,NBA,conf_semis,7,1.28,2
7,WSB,BUF,4,3,TRUE,1975,NBA,conf_semis,7,1.28,2
6,BOS,BUF,4,2,TRUE,1976,NBA,conf_semis,7,1.28,2
7,CLE,WSB,4,3,TRUE,1976,NBA,conf_semis,7,1.28,2
6,HOU,WSB,4,2,TRUE,1977,NBA,conf_semis,7,1.28,2
7,PHI,BOS,4,3,TRUE,1977,NBA,conf_semis,7,1.28,2
4,PHI,NYK,4,0,TRUE,1978,NBA,conf_semis,7,1.28,2
6,WSB,SAS,4,2,TRUE,1978,NBA,conf_semis,7,1.28,2
7,SAS,PHI,4,3,TRUE,1979,NBA,conf_semis,7,1.28,2
7,WSB,ATL,4,3,TRUE,1979,NBA,conf_semis,7,1.28,2
4,BOS,HOU,4,0,TRUE,1980,NBA,conf_semis,7,1.28,2
5,PHI,ATL,4,1,TRUE,1980,NBA,conf_semis,7,1.28,2
4,BOS,CHI,4,0,TRUE,1981,NBA,conf_semis,7,1.28,2
7,PHI,MIL,4,3,TRUE,1981,NBA,conf_semis,7,1.28,2
5,BOS,WSB,4,1,TRUE,1982,NBA,conf_semis,7,1.28,2
6,PHI,MIL,4,2,TRUE,1982,NBA,conf_semis,7,1.28,2
4,MIL,BOS,4,0,TRUE,1983,NBA,conf_semis,7,1.28,2
4,PHI,NYK,4,0,TRUE,1983,NBA,conf_semis,7,1.28,2
7,BOS,NYK,4,3,TRUE,1984,NBA,conf_semis,7,1.28,2
6,MIL,NJN,4,2,TRUE,1984,NBA,conf_semis,7,1.28,2
6,BOS,DET,4,2,TRUE,1985,NBA,conf_semis,7,1.28,2
4,PHI,MIL,4,0,TRUE,1985,NBA,conf_semis,7,1.28,2
5,BOS,ATL,4,1,TRUE,1986,NBA,conf_semis,7,1.28,2
7,MIL,PHI,4,3,TRUE,1986,NBA,conf_semis,7,1.28,2
7,BOS,MIL,4,3,TRUE,1987,NBA,conf_semis,7,1.28,2
5,DET,ATL,4,1,TRUE,1987,NBA,conf_semis,7,1.28,2
7,BOS,ATL,4,3,TRUE,1988,NBA,conf_semis,7,1.28,2
5,DET,CHI,4,1,TRUE,1988,NBA,conf_semis,7,1.28,2
6,CHI,NYK,4,2,TRUE,1989,NBA,conf_semis,7,1.28,2
4,DET,MIL,4,0,TRUE,1989,NBA,conf_semis,7,1.28,2
5,CHI,PHI,4,1,TRUE,1990,NBA,conf_semis,7,1.28,2
5,DET,NYK,4,1,TRUE,1990,NBA,conf_semis,7,1.28,2
5,CHI,PHI,4,1,TRUE,1991,NBA,conf_semis,7,1.28,2
6,DET,BOS,4,2,TRUE,1991,NBA,conf_semis,7,1.28,2
7,CHI,NYK,4,3,TRUE,1992,NBA,conf_semis,7,1.28,2
7,CLE,BOS,4,3,TRUE,1992,NBA,conf_semis,7,1.28,2
4,CHI,CLE,4,0,TRUE,1993,NBA,conf_semis,7,1.28,2
5,NYK,CHH,4,1,TRUE,1993,NBA,conf_semis,7,1.28,2
6,IND,ATL,4,2,TRUE,1994,NBA,conf_semis,7,1.28,2
7,NYK,CHI,4,3,TRUE,1994,NBA,conf_semis,7,1.28,2
7,IND,NYK,4,3,TRUE,1995,NBA,conf_semis,7,1.28,2
6,ORL,CHI,4,2,TRUE,1995,NBA,conf_semis,7,1.28,2
5,CHI,NYK,4,1,TRUE,1996,NBA,conf_semis,7,1.28,2
5,ORL,ATL,4,1,TRUE,1996,NBA,conf_semis,7,1.28,2
5,CHI,ATL,4,1,TRUE,1997,NBA,conf_semis,7,1.28,2
7,MIA,NYK,4,3,TRUE,1997,NBA,conf_semis,7,1.28,2
5,CHI,CHH,4,1,TRUE,1998,NBA,conf_semis,7,1.28,2
5,IND,NYK,4,1,TRUE,1998,NBA,conf_semis,7,1.28,2
4,IND,PHI,4,0,TRUE,1999,NBA,conf_semis,7,1.28,2
4,NYK,ATL,4,0,TRUE,1999,NBA,conf_semis,7,1.28,2
6,IND,PHI,4,2,TRUE,2000,NBA,conf_semis,7,1.28,2
7,NYK,MIA,4,3,TRUE,2000,NBA,conf_semis,7,1.28,2
7,MIL,CHH,4,3,TRUE,2001,NBA,conf_semis,7,1.28,2
7,PHI,TOR,4,3,TRUE,2001,NBA,conf_semis,7,1.28,2
5,BOS,DET,4,1,TRUE,2002,NBA,conf_semis,7,1.28,2
5,NJN,CHH,4,1,TRUE,2002,NBA,conf_semis,7,1.28,2
6,DET,PHI,4,2,TRUE,2003,NBA,conf_semis,7,1.28,2
4,NJN,BOS,4,0,TRUE,2003,NBA,conf_semis,7,1.28,2
7,DET,NJN,4,3,TRUE,2004,NBA,conf_semis,7,1.28,2
6,IND,MIA,4,2,TRUE,2004,NBA,conf_semis,7,1.28,2
6,DET,IND,4,2,TRUE,2005,NBA,conf_semis,7,1.28,2
4,MIA,WAS,4,0,TRUE,2005,NBA,conf_semis,7,1.28,2
7,DET,CLE,4,3,TRUE,2006,NBA,conf_semis,7,1.28,2
5,MIA,NJN,4,1,TRUE,2006,NBA,conf_semis,7,1.28,2
6,CLE,NJN,4,2,TRUE,2007,NBA,conf_semis,7,1.28,2
6,DET,CHI,4,2,TRUE,2007,NBA,conf_semis,7,1.28,2
7,BOS,CLE,4,3,TRUE,2008,NBA,conf_semis,7,1.28,2
5,DET,ORL,4,1,TRUE,2008,NBA,conf_semis,7,1.28,2
4,CLE,ATL,4,0,TRUE,2009,NBA,conf_semis,7,1.28,2
7,ORL,BOS,4,3,TRUE,2009,NBA,conf_semis,7,1.28,2
6,BOS,CLE,4,2,TRUE,2010,NBA,conf_semis,7,1.28,2
4,ORL,ATL,4,0,TRUE,2010,NBA,conf_semis,7,1.28,2
6,CHI,ATL,4,2,TRUE,2011,NBA,conf_semis,7,1.28,2
5,MIA,BOS,4,1,TRUE,2011,NBA,conf_semis,7,1.28,2
6,MIA,IND,4,2,TRUE,2012,NBA,conf_semis,7,1.28,2
7,BOS,PHI,4,3,TRUE,2012,NBA,conf_semis,7,1.28,2
5,MIA,CHI,4,1,TRUE,2013,NBA,conf_semis,7,1.28,2
6,IND,NYK,4,2,TRUE,2013,NBA,conf_semis,7,1.28,2
6,IND,WAS,4,2,TRUE,2014,NBA,conf_semis,7,1.28,2
5,MIA,BRK,4,1,TRUE,2014,NBA,conf_semis,7,1.28,2
6,CLE,CHI,4,2,TRUE,2015,NBA,conf_semis,7,1.28,2
6,ATL,WAS,4,2,TRUE,2015,NBA,conf_semis,7,1.28,2
3,CLR,NYK,1,2,FALSE,1947,BAA,conf_semis,3,1.28,2
3,STB,PHW,1,2,FALSE,1947,BAA,conf_semis,3,1.28,2
3,NYK,BLB,1,2,FALSE,1948,BAA,conf_semis,3,1.28,2
3,BOS,CHS,1,2,FALSE,1948,BAA,conf_semis,3,1.28,2
3,BLB,NYK,1,2,FALSE,1949,BAA,conf_semis,3,1.28,2
2,PHW,WSC,0,2,FALSE,1949,BAA,conf_semis,3,1.28,2
2,CHS,MNL,0,2,FALSE,1949,BAA,conf_semis,3,1.28,2
2,STB,ROC,0,2,FALSE,1949,BAA,conf_semis,3,1.28,2
2,ROC,FTW,0,2,FALSE,1950,NBA,conf_semis,3,1.28,2
2,CHS,MNL,0,2,FALSE,1950,NBA,conf_semis,3,1.28,2
2,WSC,NYK,0,2,FALSE,1950,NBA,conf_semis,3,1.28,2
2,PHW,SYR,0,2,FALSE,1950,NBA,conf_semis,3,1.28,2
3,TRI,AND,1,2,FALSE,1950,NBA,conf_semis,3,1.28,2
3,SHE,INO,1,2,FALSE,1950,NBA,conf_semis,3,1.28,2
2,BOS,NYK,0,2,FALSE,1951,NBA,conf_semis,3,1.28,2
2,PHW,SYR,0,2,FALSE,1951,NBA,conf_semis,3,1.28,2
3,INO,MNL,1,2,FALSE,1951,NBA,conf_semis,3,1.28,2
3,FTW,ROC,1,2,FALSE,1951,NBA,conf_semis,3,1.28,2
3,BOS,NYK,1,2,FALSE,1952,NBA,conf_semis,3,1.28,2
3,PHW,SYR,1,2,FALSE,1952,NBA,conf_semis,3,1.28,2
2,INO,MNL,0,2,FALSE,1952,NBA,conf_semis,3,1.28,2
2,FTW,ROC,0,2,FALSE,1952,NBA,conf_semis,3,1.28,2
2,SYR,BOS,0,2,FALSE,1953,NBA,conf_semis,3,1.28,2
2,BLB,NYK,0,2,FALSE,1953,NBA,conf_semis,3,1.28,2
3,ROC,FTW,1,2,FALSE,1953,NBA,conf_semis,3,1.28,2
2,INO,MNL,0,2,FALSE,1953,NBA,conf_semis,3,1.28,2
3,NYK,BOS,1,2,FALSE,1955,NBA,conf_semis,3,1.28,2
3,ROC,MNL,1,2,FALSE,1955,NBA,conf_semis,3,1.28,2
3,BOS,SYR,1,2,FALSE,1956,NBA,conf_semis,3,1.28,2
3,MNL,STL,1,2,FALSE,1956,NBA,conf_semis,3,1.28,2
2,PHW,SYR,0,2,FALSE,1957,NBA,conf_semis,3,1.28,2
2,FTW,MNL,0,2,FALSE,1957,NBA,conf_semis,3,1.28,2
3,SYR,PHW,1,2,FALSE,1958,NBA,conf_semis,3,1.28,2
2,CIN,DET,0,2,FALSE,1958,NBA,conf_semis,3,1.28,2
2,NYK,SYR,0,2,FALSE,1959,NBA,conf_semis,3,1.28,2
3,DET,MNL,1,2,FALSE,1959,NBA,conf_semis,3,1.28,2
3,SYR,PHW,1,2,FALSE,1960,NBA,conf_semis,3,1.28,2
2,DET,MNL,0,2,FALSE,1960,NBA,conf_semis,3,1.28,2
3,INA,KEN,1,2,FALSE,1976,ABA,conf_semis,3,1.28,2
3,PHW,SYR,0,3,FALSE,1961,NBA,conf_semis,5,1.28,2
5,DET,LAL,2,3,FALSE,1961,NBA,conf_semis,5,1.28,2
5,SYR,PHW,2,3,FALSE,1962,NBA,conf_semis,5,1.28,2
4,CIN,DET,1,3,FALSE,1962,NBA,conf_semis,5,1.28,2
5,SYR,CIN,2,3,FALSE,1963,NBA,conf_semis,5,1.28,2
4,DET,STL,1,3,FALSE,1963,NBA,conf_semis,5,1.28,2
5,PHI,CIN,2,3,FALSE,1964,NBA,conf_semis,5,1.28,2
5,LAL,STL,2,3,FALSE,1964,NBA,conf_semis,5,1.28,2
4,CIN,PHI,1,3,FALSE,1965,NBA,conf_semis,5,1.28,2
4,STL,BAL,1,3,FALSE,1965,NBA,conf_semis,5,1.28,2
5,CIN,BOS,2,3,FALSE,1966,NBA,conf_semis,5,1.28,2
3,BAL,STL,0,3,FALSE,1966,NBA,conf_semis,5,1.28,2
4,NYK,BOS,1,3,FALSE,1967,NBA,conf_semis,5,1.28,2
4,CIN,PHI,1,3,FALSE,1967,NBA,conf_semis,5,1.28,2
3,LAL,SFW,0,3,FALSE,1967,NBA,conf_semis,5,1.28,2
3,CHI,STL,0,3,FALSE,1967,NBA,conf_semis,5,1.28,2
5,KEN,MNM,2,3,FALSE,1968,ABA,conf_semis,5,1.28,2
3,INA,PTP,0,3,FALSE,1968,ABA,conf_semis,5,1.28,2
3,HSM,DLC,0,3,FALSE,1968,ABA,conf_semis,5,1.28,2
5,DNR,NOB,2,3,FALSE,1968,ABA,conf_semis,5,1.28,2
6,DET,BOS,2,4,FALSE,1968,NBA,conf_semis,7,1.28,2
6,NYK,PHI,2,4,FALSE,1968,NBA,conf_semis,7,1.28,2
5,CHI,LAL,1,4,FALSE,1968,NBA,conf_semis,7,1.28,2
6,STL,SFW,2,4,FALSE,1968,NBA,conf_semis,7,1.28,2
7,KEN,INA,3,4,FALSE,1969,ABA,conf_semis,7,1.28,2
7,MNP,MMF,3,4,FALSE,1969,ABA,conf_semis,7,1.28,2
7,DLC,NOB,3,4,FALSE,1969,ABA,conf_semis,7,1.28,2
7,DNR,OAK,3,4,FALSE,1969,ABA,conf_semis,7,1.28,2
5,PHI,BOS,1,4,FALSE,1969,NBA,conf_semis,7,1.28,2
4,BAL,NYK,0,4,FALSE,1969,NBA,conf_semis,7,1.28,2
6,SDR,ATL,2,4,FALSE,1969,NBA,conf_semis,7,1.28,2
6,SFW,LAL,2,4,FALSE,1969,NBA,conf_semis,7,1.28,2
4,CAR,INA,0,4,FALSE,1970,ABA,conf_semis,7,1.28,2
7,NYA,KEN,3,4,FALSE,1970,ABA,conf_semis,7,1.28,2
7,WSA,DNR,3,4,FALSE,1970,ABA,conf_semis,7,1.28,2
6,DLC,LAS,2,4,FALSE,1970,ABA,conf_semis,7,1.28,2
5,PHI,MIL,1,4,FALSE,1970,NBA,conf_semis,7,1.28,2
7,BAL,NYK,3,4,FALSE,1970,NBA,conf_semis,7,1.28,2
5,CHI,ATL,1,4,FALSE,1970,NBA,conf_semis,7,1.28,2
7,PHO,LAL,3,4,FALSE,1970,NBA,conf_semis,7,1.28,2
6,FLO,KEN,2,4,FALSE,1971,ABA,conf_semis,7,1.28,2
6,NYA,VIR,2,4,FALSE,1971,ABA,conf_semis,7,1.28,2
4,MMP,INA,0,4,FALSE,1971,ABA,conf_semis,7,1.28,2
4,TEX,UTS,0,4,FALSE,1971,ABA,conf_semis,7,1.28,2
7,PHI,BAL,3,4,FALSE,1971,NBA,conf_semis,7,1.28,2
5,ATL,NYK,1,4,FALSE,1971,NBA,conf_semis,7,1.28,2
6,KEN,NYA,2,4,FALSE,1972,ABA,conf_semis,7,1.28,2
4,FLO,VIR,0,4,FALSE,1972,ABA,conf_semis,7,1.28,2
7,DNR,INA,3,4,FALSE,1972,ABA,conf_semis,7,1.28,2
4,DLC,UTS,0,4,FALSE,1972,ABA,conf_semis,7,1.28,2
6,ATL,BOS,2,4,FALSE,1972,NBA,conf_semis,7,1.28,2
6,BAL,NYK,2,4,FALSE,1972,NBA,conf_semis,7,1.28,2
5,NYA,CAR,1,4,FALSE,1973,ABA,conf_semis,7,1.28,2
5,VIR,KEN,1,4,FALSE,1973,ABA,conf_semis,7,1.28,2
5,DNR,INA,1,4,FALSE,1973,ABA,conf_semis,7,1.28,2
4,SDA,UTS,0,4,FALSE,1973,ABA,conf_semis,7,1.28,2
6,ATL,BOS,2,4,FALSE,1973,NBA,conf_semis,7,1.28,2
5,BAL,NYK,1,4,FALSE,1973,NBA,conf_semis,7,1.28,2
4,CAR,KEN,0,4,FALSE,1974,ABA,conf_semis,7,1.28,2
5,VIR,NYA,1,4,FALSE,1974,ABA,conf_semis,7,1.28,2
7,SAA,INA,3,4,FALSE,1974,ABA,conf_semis,7,1.28,2
6,SDA,UTS,2,4,FALSE,1974,ABA,conf_semis,7,1.28,2
6,BUF,BOS,2,4,FALSE,1974,NBA,conf_semis,7,1.28,2
7,CAP,NYK,3,4,FALSE,1974,NBA,conf_semis,7,1.28,2
5,MMS,KEN,1,4,FALSE,1975,ABA,conf_semis,7,1.28,2
5,NYA,SSL,1,4,FALSE,1975,ABA,conf_semis,7,1.28,2
6,UTS,DNA,2,4,FALSE,1975,ABA,conf_semis,7,1.28,2
6,SAA,INA,2,4,FALSE,1975,ABA,conf_semis,7,1.28,2
5,HOU,BOS,1,4,FALSE,1975,NBA,conf_semis,7,1.28,2
7,BUF,WSB,3,4,FALSE,1975,NBA,conf_semis,7,1.28,2
6,BUF,BOS,2,4,FALSE,1976,NBA,conf_semis,7,1.28,2
7,WSB,CLE,3,4,FALSE,1976,NBA,conf_semis,7,1.28,2
6,WSB,HOU,2,4,FALSE,1977,NBA,conf_semis,7,1.28,2
7,BOS,PHI,3,4,FALSE,1977,NBA,conf_semis,7,1.28,2
4,NYK,PHI,0,4,FALSE,1978,NBA,conf_semis,7,1.28,2
6,SAS,WSB,2,4,FALSE,1978,NBA,conf_semis,7,1.28,2
7,PHI,SAS,3,4,FALSE,1979,NBA,conf_semis,7,1.28,2
7,ATL,WSB,3,4,FALSE,1979,NBA,conf_semis,7,1.28,2
4,HOU,BOS,0,4,FALSE,1980,NBA,conf_semis,7,1.28,2
5,ATL,PHI,1,4,FALSE,1980,NBA,conf_semis,7,1.28,2
4,CHI,BOS,0,4,FALSE,1981,NBA,conf_semis,7,1.28,2
7,MIL,PHI,3,4,FALSE,1981,NBA,conf_semis,7,1.28,2
5,WSB,BOS,1,4,FALSE,1982,NBA,conf_semis,7,1.28,2
6,MIL,PHI,2,4,FALSE,1982,NBA,conf_semis,7,1.28,2
4,BOS,MIL,0,4,FALSE,1983,NBA,conf_semis,7,1.28,2
4,NYK,PHI,0,4,FALSE,1983,NBA,conf_semis,7,1.28,2
7,NYK,BOS,3,4,FALSE,1984,NBA,conf_semis,7,1.28,2
6,NJN,MIL,2,4,FALSE,1984,NBA,conf_semis,7,1.28,2
6,DET,BOS,2,4,FALSE,1985,NBA,conf_semis,7,1.28,2
4,MIL,PHI,0,4,FALSE,1985,NBA,conf_semis,7,1.28,2
5,ATL,BOS,1,4,FALSE,1986,NBA,conf_semis,7,1.28,2
7,PHI,MIL,3,4,FALSE,1986,NBA,conf_semis,7,1.28,2
7,MIL,BOS,3,4,FALSE,1987,NBA,conf_semis,7,1.28,2
5,ATL,DET,1,4,FALSE,1987,NBA,conf_semis,7,1.28,2
7,ATL,BOS,3,4,FALSE,1988,NBA,conf_semis,7,1.28,2
5,CHI,DET,1,4,FALSE,1988,NBA,conf_semis,7,1.28,2
6,NYK,CHI,2,4,FALSE,1989,NBA,conf_semis,7,1.28,2
4,MIL,DET,0,4,FALSE,1989,NBA,conf_semis,7,1.28,2
5,PHI,CHI,1,4,FALSE,1990,NBA,conf_semis,7,1.28,2
5,NYK,DET,1,4,FALSE,1990,NBA,conf_semis,7,1.28,2
5,PHI,CHI,1,4,FALSE,1991,NBA,conf_semis,7,1.28,2
6,BOS,DET,2,4,FALSE,1991,NBA,conf_semis,7,1.28,2
7,NYK,CHI,3,4,FALSE,1992,NBA,conf_semis,7,1.28,2
7,BOS,CLE,3,4,FALSE,1992,NBA,conf_semis,7,1.28,2
4,CLE,CHI,0,4,FALSE,1993,NBA,conf_semis,7,1.28,2
5,CHH,NYK,1,4,FALSE,1993,NBA,conf_semis,7,1.28,2
6,ATL,IND,2,4,FALSE,1994,NBA,conf_semis,7,1.28,2
7,CHI,NYK,3,4,FALSE,1994,NBA,conf_semis,7,1.28,2
7,NYK,IND,3,4,FALSE,1995,NBA,conf_semis,7,1.28,2
6,CHI,ORL,2,4,FALSE,1995,NBA,conf_semis,7,1.28,2
5,NYK,CHI,1,4,FALSE,1996,NBA,conf_semis,7,1.28,2
5,ATL,ORL,1,4,FALSE,1996,NBA,conf_semis,7,1.28,2
5,ATL,CHI,1,4,FALSE,1997,NBA,conf_semis,7,1.28,2
7,NYK,MIA,3,4,FALSE,1997,NBA,conf_semis,7,1.28,2
5,CHH,CHI,1,4,FALSE,1998,NBA,conf_semis,7,1.28,2
5,NYK,IND,1,4,FALSE,1998,NBA,conf_semis,7,1.28,2
4,PHI,IND,0,4,FALSE,1999,NBA,conf_semis,7,1.28,2
4,ATL,NYK,0,4,FALSE,1999,NBA,conf_semis,7,1.28,2
6,PHI,IND,2,4,FALSE,2000,NBA,conf_semis,7,1.28,2
7,MIA,NYK,3,4,FALSE,2000,NBA,conf_semis,7,1.28,2
7,CHH,MIL,3,4,FALSE,2001,NBA,conf_semis,7,1.28,2
7,TOR,PHI,3,4,FALSE,2001,NBA,conf_semis,7,1.28,2
5,DET,BOS,1,4,FALSE,2002,NBA,conf_semis,7,1.28,2
5,CHH,NJN,1,4,FALSE,2002,NBA,conf_semis,7,1.28,2
6,PHI,DET,2,4,FALSE,2003,NBA,conf_semis,7,1.28,2
4,BOS,NJN,0,4,FALSE,2003,NBA,conf_semis,7,1.28,2
7,NJN,DET,3,4,FALSE,2004,NBA,conf_semis,7,1.28,2
6,MIA,IND,2,4,FALSE,2004,NBA,conf_semis,7,1.28,2
6,IND,DET,2,4,FALSE,2005,NBA,conf_semis,7,1.28,2
4,WAS,MIA,0,4,FALSE,2005,NBA,conf_semis,7,1.28,2
7,CLE,DET,3,4,FALSE,2006,NBA,conf_semis,7,1.28,2
5,NJN,MIA,1,4,FALSE,2006,NBA,conf_semis,7,1.28,2
6,NJN,CLE,2,4,FALSE,2007,NBA,conf_semis,7,1.28,2
6,CHI,DET,2,4,FALSE,2007,NBA,conf_semis,7,1.28,2
7,CLE,BOS,3,4,FALSE,2008,NBA,conf_semis,7,1.28,2
5,ORL,DET,1,4,FALSE,2008,NBA,conf_semis,7,1.28,2
4,ATL,CLE,0,4,FALSE,2009,NBA,conf_semis,7,1.28,2
7,BOS,ORL,3,4,FALSE,2009,NBA,conf_semis,7,1.28,2
6,CLE,BOS,2,4,FALSE,2010,NBA,conf_semis,7,1.28,2
4,ATL,ORL,0,4,FALSE,2010,NBA,conf_semis,7,1.28,2
6,ATL,CHI,2,4,FALSE,2011,NBA,conf_semis,7,1.28,2
5,BOS,MIA,1,4,FALSE,2011,NBA,conf_semis,7,1.28,2
6,IND,MIA,2,4,FALSE,2012,NBA,conf_semis,7,1.28,2
7,PHI,BOS,3,4,FALSE,2012,NBA,conf_semis,7,1.28,2
5,CHI,MIA,1,4,FALSE,2013,NBA,conf_semis,7,1.28,2
6,NYK,IND,2,4,FALSE,2013,NBA,conf_semis,7,1.28,2
6,WAS,IND,2,4,FALSE,2014,NBA,conf_semis,7,1.28,2
5,BRK,MIA,1,4,FALSE,2014,NBA,conf_semis,7,1.28,2
6,CHI,CLE,2,4,FALSE,2015,NBA,conf_semis,7,1.28,2
6,WAS,ATL,2,4,FALSE,2015,NBA,conf_semis,7,1.28,2
3,HOU,NYK,2,1,TRUE,1975,NBA,first_rd,3,0.95,1
3,SEA,DET,2,1,TRUE,1975,NBA,first_rd,3,0.95,1
3,BUF,PHI,2,1,TRUE,1976,NBA,first_rd,3,0.95,1
3,DET,MIL,2,1,TRUE,1976,NBA,first_rd,3,0.95,1
2,BOS,SAS,2,0,TRUE,1977,NBA,first_rd,3,0.95,1
3,WSB,CLE,2,1,TRUE,1977,NBA,first_rd,3,0.95,1
3,GSW,DET,2,1,TRUE,1977,NBA,first_rd,3,0.95,1
3,POR,CHI,2,1,TRUE,1977,NBA,first_rd,3,0.95,1
2,NYK,CLE,2,0,TRUE,1978,NBA,first_rd,3,0.95,1
2,WSB,ATL,2,0,TRUE,1978,NBA,first_rd,3,0.95,1
2,MIL,PHO,2,0,TRUE,1978,NBA,first_rd,3,0.95,1
3,SEA,LAL,2,1,TRUE,1978,NBA,first_rd,3,0.95,1
2,ATL,HOU,2,0,TRUE,1979,NBA,first_rd,3,0.95,1
2,PHI,NJN,2,0,TRUE,1979,NBA,first_rd,3,0.95,1
3,LAL,DEN,2,1,TRUE,1979,NBA,first_rd,3,0.95,1
3,PHO,POR,2,1,TRUE,1979,NBA,first_rd,3,0.95,1
3,HOU,SAS,2,1,TRUE,1980,NBA,first_rd,3,0.95,1
2,PHI,WSB,2,0,TRUE,1980,NBA,first_rd,3,0.95,1
3,PHO,KCK,2,1,TRUE,1980,NBA,first_rd,3,0.95,1
3,SEA,POR,2,1,TRUE,1980,NBA,first_rd,3,0.95,1
2,CHI,NYK,2,0,TRUE,1981,NBA,first_rd,3,0.95,1
2,PHI,IND,2,0,TRUE,1981,NBA,first_rd,3,0.95,1
3,HOU,LAL,2,1,TRUE,1981,NBA,first_rd,3,0.95,1
3,KCK,POR,2,1,TRUE,1981,NBA,first_rd,3,0.95,1
2,PHI,ATL,2,0,TRUE,1982,NBA,first_rd,3,0.95,1
2,WSB,NJN,2,0,TRUE,1982,NBA,first_rd,3,0.95,1
3,PHO,DEN,2,1,TRUE,1982,NBA,first_rd,3,0.95,1
3,SEA,HOU,2,1,TRUE,1982,NBA,first_rd,3,0.95,1
3,BOS,ATL,2,1,TRUE,1983,NBA,first_rd,3,0.95,1
2,NYK,NJN,2,0,TRUE,1983,NBA,first_rd,3,0.95,1
3,DEN,PHO,2,1,TRUE,1983,NBA,first_rd,3,0.95,1
2,POR,SEA,2,0,TRUE,1983,NBA,first_rd,3,0.95,1
4,BOS,WSB,3,1,TRUE,1984,NBA,first_rd,5,0.95,1
5,MIL,ATL,3,2,TRUE,1984,NBA,first_rd,5,0.95,1
5,NJN,PHI,3,2,TRUE,1984,NBA,first_rd,5,0.95,1
5,NYK,DET,3,2,TRUE,1984,NBA,first_rd,5,0.95,1
5,DAL,SEA,3,2,TRUE,1984,NBA,first_rd,5,0.95,1
3,LAL,KCK,3,0,TRUE,1984,NBA,first_rd,5,0.95,1
5,PHO,POR,3,2,TRUE,1984,NBA,first_rd,5,0.95,1
5,UTA,DEN,3,2,TRUE,1984,NBA,first_rd,5,0.95,1
4,BOS,CLE,3,1,TRUE,1985,NBA,first_rd,5,0.95,1
3,DET,NJN,3,0,TRUE,1985,NBA,first_rd,5,0.95,1
4,MIL,CHI,3,1,TRUE,1985,NBA,first_rd,5,0.95,1
4,PHI,WSB,3,1,TRUE,1985,NBA,first_rd,5,0.95,1
5,DEN,SAS,3,2,TRUE,1985,NBA,first_rd,5,0.95,1
3,LAL,PHO,3,0,TRUE,1985,NBA,first_rd,5,0.95,1
4,POR,DAL,3,1,TRUE,1985,NBA,first_rd,5,0.95,1
5,UTA,HOU,3,2,TRUE,1985,NBA,first_rd,5,0.95,1
4,ATL,DET,3,1,TRUE,1986,NBA,first_rd,5,0.95,1
3,BOS,CHI,3,0,TRUE,1986,NBA,first_rd,5,0.95,1
3,MIL,NJN,3,0,TRUE,1986,NBA,first_rd,5,0.95,1
5,PHI,WSB,3,2,TRUE,1986,NBA,first_rd,5,0.95,1
4,DAL,UTA,3,1,TRUE,1986,NBA,first_rd,5,0.95,1
4,DEN,POR,3,1,TRUE,1986,NBA,first_rd,5,0.95,1
3,HOU,SAC,3,0,TRUE,1986,NBA,first_rd,5,0.95,1
3,LAL,SAS,3,0,TRUE,1986,NBA,first_rd,5,0.95,1
4,ATL,IND,3,1,TRUE,1987,NBA,first_rd,5,0.95,1
3,BOS,CHI,3,0,TRUE,1987,NBA,first_rd,5,0.95,1
3,DET,WSB,3,0,TRUE,1987,NBA,first_rd,5,0.95,1
5,MIL,PHI,3,2,TRUE,1987,NBA,first_rd,5,0.95,1
5,GSW,UTA,3,2,TRUE,1987,NBA,first_rd,5,0.95,1
4,HOU,POR,3,1,TRUE,1987,NBA,first_rd,5,0.95,1
3,LAL,DEN,3,0,TRUE,1987,NBA,first_rd,5,0.95,1
4,SEA,DAL,3,1,TRUE,1987,NBA,first_rd,5,0.95,1
5,ATL,MIL,3,2,TRUE,1988,NBA,first_rd,5,0.95,1
4,BOS,NYK,3,1,TRUE,1988,NBA,first_rd,5,0.95,1
5,CHI,CLE,3,2,TRUE,1988,NBA,first_rd,5,0.95,1
5,DET,WSB,3,2,TRUE,1988,NBA,first_rd,5,0.95,1
4,DAL,HOU,3,1,TRUE,1988,NBA,first_rd,5,0.95,1
5,DEN,SEA,3,2,TRUE,1988,NBA,first_rd,5,0.95,1
3,LAL,SAS,3,0,TRUE,1988,NBA,first_rd,5,0.95,1
4,UTA,POR,3,1,TRUE,1988,NBA,first_rd,5,0.95,1
5,CHI,CLE,3,2,TRUE,1989,NBA,first_rd,5,0.95,1
3,DET,BOS,3,0,TRUE,1989,NBA,first_rd,5,0.95,1
5,MIL,ATL,3,2,TRUE,1989,NBA,first_rd,5,0.95,1
3,NYK,PHI,3,0,TRUE,1989,NBA,first_rd,5,0.95,1
3,GSW,UTA,3,0,TRUE,1989,NBA,first_rd,5,0.95,1
3,LAL,POR,3,0,TRUE,1989,NBA,first_rd,5,0.95,1
3,PHO,DEN,3,0,TRUE,1989,NBA,first_rd,5,0.95,1
4,SEA,HOU,3,1,TRUE,1989,NBA,first_rd,5,0.95,1
4,CHI,MIL,3,1,TRUE,1990,NBA,first_rd,5,0.95,1
3,DET,IND,3,0,TRUE,1990,NBA,first_rd,5,0.95,1
5,NYK,BOS,3,2,TRUE,1990,NBA,first_rd,5,0.95,1
5,PHI,CLE,3,2,TRUE,1990,NBA,first_rd,5,0.95,1
4,LAL,HOU,3,1,TRUE,1990,NBA,first_rd,5,0.95,1
5,PHO,UTA,3,2,TRUE,1990,NBA,first_rd,5,0.95,1
3,POR,DAL,3,0,TRUE,1990,NBA,first_rd,5,0.95,1
3,SAS,DEN,3,0,TRUE,1990,NBA,first_rd,5,0.95,1
5,BOS,IND,3,2,TRUE,1991,NBA,first_rd,5,0.95,1
3,CHI,NYK,3,0,TRUE,1991,NBA,first_rd,5,0.95,1
5,DET,ATL,3,2,TRUE,1991,NBA,first_rd,5,0.95,1
3,PHI,MIL,3,0,TRUE,1991,NBA,first_rd,5,0.95,1
4,GSW,SAS,3,1,TRUE,1991,NBA,first_rd,5,0.95,1
3,LAL,HOU,3,0,TRUE,1991,NBA,first_rd,5,0.95,1
5,POR,SEA,3,2,TRUE,1991,NBA,first_rd,5,0.95,1
4,UTA,PHO,3,1,TRUE,1991,NBA,first_rd,5,0.95,1
3,BOS,IND,3,0,TRUE,1992,NBA,first_rd,5,0.95,1
3,CHI,MIA,3,0,TRUE,1992,NBA,first_rd,5,0.95,1
4,CLE,NJN,3,1,TRUE,1992,NBA,first_rd,5,0.95,1
5,NYK,DET,3,2,TRUE,1992,NBA,first_rd,5,0.95,1
3,PHO,SAS,3,0,TRUE,1992,NBA,first_rd,5,0.95,1
4,POR,LAL,3,1,TRUE,1992,NBA,first_rd,5,0.95,1
4,SEA,GSW,3,1,TRUE,1992,NBA,first_rd,5,0.95,1
5,UTA,LAC,3,2,TRUE,1992,NBA,first_rd,5,0.95,1
4,CHH,BOS,3,1,TRUE,1993,NBA,first_rd,5,0.95,1
3,CHI,ATL,3,0,TRUE,1993,NBA,first_rd,5,0.95,1
5,CLE,NJN,3,2,TRUE,1993,NBA,first_rd,5,0.95,1
4,NYK,IND,3,1,TRUE,1993,NBA,first_rd,5,0.95,1
5,HOU,LAC,3,2,TRUE,1993,NBA,first_rd,5,0.95,1
5,PHO,LAL,3,2,TRUE,1993,NBA,first_rd,5,0.95,1
4,SAS,POR,3,1,TRUE,1993,NBA,first_rd,5,0.95,1
5,SEA,UTA,3,2,TRUE,1993,NBA,first_rd,5,0.95,1
5,ATL,MIA,3,2,TRUE,1994,NBA,first_rd,5,0.95,1
3,CHI,CLE,3,0,TRUE,1994,NBA,first_rd,5,0.95,1
3,IND,ORL,3,0,TRUE,1994,NBA,first_rd,5,0.95,1
4,NYK,NJN,3,1,TRUE,1994,NBA,first_rd,5,0.95,1
5,DEN,SEA,3,2,TRUE,1994,NBA,first_rd,5,0.95,1
4,HOU,POR,3,1,TRUE,1994,NBA,first_rd,5,0.95,1
3,PHO,GSW,3,0,TRUE,1994,NBA,first_rd,5,0.95,1
4,UTA,SAS,3,1,TRUE,1994,NBA,first_rd,5,0.95,1
4,CHI,CHH,3,1,TRUE,1995,NBA,first_rd,5,0.95,1
3,IND,ATL,3,0,TRUE,1995,NBA,first_rd,5,0.95,1
4,NYK,CLE,3,1,TRUE,1995,NBA,first_rd,5,0.95,1
4,ORL,BOS,3,1,TRUE,1995,NBA,first_rd,5,0.95,1
5,HOU,UTA,3,2,TRUE,1995,NBA,first_rd,5,0.95,1
4,LAL,SEA,3,1,TRUE,1995,NBA,first_rd,5,0.95,1
3,PHO,POR,3,0,TRUE,1995,NBA,first_rd,5,0.95,1
3,SAS,DEN,3,0,TRUE,1995,NBA,first_rd,5,0.95,1
5,ATL,IND,3,2,TRUE,1996,NBA,first_rd,5,0.95,1
3,CHI,MIA,3,0,TRUE,1996,NBA,first_rd,5,0.95,1
3,NYK,CLE,3,0,TRUE,1996,NBA,first_rd,5,0.95,1
3,ORL,DET,3,0,TRUE,1996,NBA,first_rd,5,0.95,1
4,HOU,LAL,3,1,TRUE,1996,NBA,first_rd,5,0.95,1
4,SAS,PHO,3,1,TRUE,1996,NBA,first_rd,5,0.95,1
4,SEA,SAC,3,1,TRUE,1996,NBA,first_rd,5,0.95,1
5,UTA,POR,3,2,TRUE,1996,NBA,first_rd,5,0.95,1
5,ATL,DET,3,2,TRUE,1997,NBA,first_rd,5,0.95,1
3,CHI,WSB,3,0,TRUE,1997,NBA,first_rd,5,0.95,1
5,MIA,ORL,3,2,TRUE,1997,NBA,first_rd,5,0.95,1
3,NYK,CHH,3,0,TRUE,1997,NBA,first_rd,5,0.95,1
3,HOU,MIN,3,0,TRUE,1997,NBA,first_rd,5,0.95,1
4,LAL,POR,3,1,TRUE,1997,NBA,first_rd,5,0.95,1
5,SEA,PHO,3,2,TRUE,1997,NBA,first_rd,5,0.95,1
3,UTA,LAC,3,0,TRUE,1997,NBA,first_rd,5,0.95,1
4,CHH,ATL,3,1,TRUE,1998,NBA,first_rd,5,0.95,1
3,CHI,NJN,3,0,TRUE,1998,NBA,first_rd,5,0.95,1
4,IND,CLE,3,1,TRUE,1998,NBA,first_rd,5,0.95,1
5,NYK,MIA,3,2,TRUE,1998,NBA,first_rd,5,0.95,1
4,LAL,POR,3,1,TRUE,1998,NBA,first_rd,5,0.95,1
4,SAS,PHO,3,1,TRUE,1998,NBA,first_rd,5,0.95,1
5,SEA,MIN,3,2,TRUE,1998,NBA,first_rd,5,0.95,1
5,UTA,HOU,3,2,TRUE,1998,NBA,first_rd,5,0.95,1
5,ATL,DET,3,2,TRUE,1999,NBA,first_rd,5,0.95,1
3,IND,MIL,3,0,TRUE,1999,NBA,first_rd,5,0.95,1
5,NYK,MIA,3,2,TRUE,1999,NBA,first_rd,5,0.95,1
4,PHI,ORL,3,1,TRUE,1999,NBA,first_rd,5,0.95,1
4,LAL,HOU,3,1,TRUE,1999,NBA,first_rd,5,0.95,1
3,POR,PHO,3,0,TRUE,1999,NBA,first_rd,5,0.95,1
4,SAS,MIN,3,1,TRUE,1999,NBA,first_rd,5,0.95,1
5,UTA,SAC,3,2,TRUE,1999,NBA,first_rd,5,0.95,1
5,IND,MIL,3,2,TRUE,2000,NBA,first_rd,5,0.95,1
3,MIA,DET,3,0,TRUE,2000,NBA,first_rd,5,0.95,1
3,NYK,TOR,3,0,TRUE,2000,NBA,first_rd,5,0.95,1
4,PHI,CHH,3,1,TRUE,2000,NBA,first_rd,5,0.95,1
5,LAL,SAC,3,2,TRUE,2000,NBA,first_rd,5,0.95,1
4,PHO,SAS,3,1,TRUE,2000,NBA,first_rd,5,0.95,1
4,POR,MIN,3,1,TRUE,2000,NBA,first_rd,5,0.95,1
5,UTA,SEA,3,2,TRUE,2000,NBA,first_rd,5,0.95,1
3,CHH,MIA,3,0,TRUE,2001,NBA,first_rd,5,0.95,1
4,MIL,ORL,3,1,TRUE,2001,NBA,first_rd,5,0.95,1
4,PHI,IND,3,1,TRUE,2001,NBA,first_rd,5,0.95,1
5,TOR,NYK,3,2,TRUE,2001,NBA,first_rd,5,0.95,1
5,DAL,UTA,3,2,TRUE,2001,NBA,first_rd,5,0.95,1
3,LAL,POR,3,0,TRUE,2001,NBA,first_rd,5,0.95,1
4,SAC,PHO,3,1,TRUE,2001,NBA,first_rd,5,0.95,1
4,SAS,MIN,3,1,TRUE,2001,NBA,first_rd,5,0.95,1
5,BOS,PHI,3,2,TRUE,2002,NBA,first_rd,5,0.95,1
4,CHH,ORL,3,1,TRUE,2002,NBA,first_rd,5,0.95,1
5,DET,TOR,3,2,TRUE,2002,NBA,first_rd,5,0.95,1
5,NJN,IND,3,2,TRUE,2002,NBA,first_rd,5,0.95,1
3,DAL,MIN,3,0,TRUE,2002,NBA,first_rd,5,0.95,1
3,LAL,POR,3,0,TRUE,2002,NBA,first_rd,5,0.95,1
4,SAC,UTA,3,1,TRUE,2002,NBA,first_rd,5,0.95,1
5,SAS,SEA,3,2,TRUE,2002,NBA,first_rd,5,0.95,1
6,BOS,IND,4,2,TRUE,2003,NBA,first_rd,7,0.95,1
7,DET,ORL,4,3,TRUE,2003,NBA,first_rd,7,0.95,1
6,NJN,MIL,4,2,TRUE,2003,NBA,first_rd,7,0.95,1
6,PHI,NOH,4,2,TRUE,2003,NBA,first_rd,7,0.95,1
7,DAL,POR,4,3,TRUE,2003,NBA,first_rd,7,0.95,1
6,LAL,MIN,4,2,TRUE,2003,NBA,first_rd,7,0.95,1
5,SAC,UTA,4,1,TRUE,2003,NBA,first_rd,7,0.95,1
6,SAS,PHO,4,2,TRUE,2003,NBA,first_rd,7,0.95,1
5,DET,MIL,4,1,TRUE,2004,NBA,first_rd,7,0.95,1
4,IND,BOS,4,0,TRUE,2004,NBA,first_rd,7,0.95,1
7,MIA,NOH,4,3,TRUE,2004,NBA,first_rd,7,0.95,1
4,NJN,NYK,4,0,TRUE,2004,NBA,first_rd,7,0.95,1
5,LAL,HOU,4,1,TRUE,2004,NBA,first_rd,7,0.95,1
5,MIN,DEN,4,1,TRUE,2004,NBA,first_rd,7,0.95,1
5,SAC,DAL,4,1,TRUE,2004,NBA,first_rd,7,0.95,1
4,SAS,MEM,4,0,TRUE,2004,NBA,first_rd,7,0.95,1
5,DET,PHI,4,1,TRUE,2005,NBA,first_rd,7,0.95,1
7,IND,BOS,4,3,TRUE,2005,NBA,first_rd,7,0.95,1
4,MIA,NJN,4,0,TRUE,2005,NBA,first_rd,7,0.95,1
6,WAS,CHI,4,2,TRUE,2005,NBA,first_rd,7,0.95,1
7,DAL,HOU,4,3,TRUE,2005,NBA,first_rd,7,0.95,1
4,PHO,MEM,4,0,TRUE,2005,NBA,first_rd,7,0.95,1
5,SAS,DEN,4,1,TRUE,2005,NBA,first_rd,7,0.95,1
5,SEA,SAC,4,1,TRUE,2005,NBA,first_rd,7,0.95,1
6,CLE,WAS,4,2,TRUE,2006,NBA,first_rd,7,0.95,1
5,DET,MIL,4,1,TRUE,2006,NBA,first_rd,7,0.95,1
6,MIA,CHI,4,2,TRUE,2006,NBA,first_rd,7,0.95,1
6,NJN,IND,4,2,TRUE,2006,NBA,first_rd,7,0.95,1
4,DAL,MEM,4,0,TRUE,2006,NBA,first_rd,7,0.95,1
5,LAC,DEN,4,1,TRUE,2006,NBA,first_rd,7,0.95,1
7,PHO,LAL,4,3,TRUE,2006,NBA,first_rd,7,0.95,1
6,SAS,SAC,4,2,TRUE,2006,NBA,first_rd,7,0.95,1
4,CHI,MIA,4,0,TRUE,2007,NBA,first_rd,7,0.95,1
4,CLE,WAS,4,0,TRUE,2007,NBA,first_rd,7,0.95,1
4,DET,ORL,4,0,TRUE,2007,NBA,first_rd,7,0.95,1
6,NJN,TOR,4,2,TRUE,2007,NBA,first_rd,7,0.95,1
6,GSW,DAL,4,2,TRUE,2007,NBA,first_rd,7,0.95,1
5,PHO,LAL,4,1,TRUE,2007,NBA,first_rd,7,0.95,1
5,SAS,DEN,4,1,TRUE,2007,NBA,first_rd,7,0.95,1
7,UTA,HOU,4,3,TRUE,2007,NBA,first_rd,7,0.95,1
7,BOS,ATL,4,3,TRUE,2008,NBA,first_rd,7,0.95,1
6,DET,PHI,4,2,TRUE,2008,NBA,first_rd,7,0.95,1
5,ORL,TOR,4,1,TRUE,2008,NBA,first_rd,7,0.95,1
6,CLE,WAS,4,2,TRUE,2008,NBA,first_rd,7,0.95,1
4,LAL,DEN,4,0,TRUE,2008,NBA,first_rd,7,0.95,1
5,NOH,DAL,4,1,TRUE,2008,NBA,first_rd,7,0.95,1
5,SAS,PHO,4,1,TRUE,2008,NBA,first_rd,7,0.95,1
6,UTA,HOU,4,2,TRUE,2008,NBA,first_rd,7,0.95,1
4,CLE,DET,4,0,TRUE,2009,NBA,first_rd,7,0.95,1
7,BOS,CHI,4,3,TRUE,2009,NBA,first_rd,7,0.95,1
6,ORL,PHI,4,2,TRUE,2009,NBA,first_rd,7,0.95,1
7,ATL,MIA,4,3,TRUE,2009,NBA,first_rd,7,0.95,1
5,LAL,UTA,4,1,TRUE,2009,NBA,first_rd,7,0.95,1
5,DEN,NOH,4,1,TRUE,2009,NBA,first_rd,7,0.95,1
5,DAL,SAS,4,1,TRUE,2009,NBA,first_rd,7,0.95,1
6,HOU,POR,4,2,TRUE,2009,NBA,first_rd,7,0.95,1
5,CLE,CHI,4,1,TRUE,2010,NBA,first_rd,7,0.95,1
4,ORL,CHA,4,0,TRUE,2010,NBA,first_rd,7,0.95,1
7,ATL,MIL,4,3,TRUE,2010,NBA,first_rd,7,0.95,1
5,BOS,MIA,4,1,TRUE,2010,NBA,first_rd,7,0.95,1
6,LAL,OKC,4,2,TRUE,2010,NBA,first_rd,7,0.95,1
6,SAS,DAL,4,2,TRUE,2010,NBA,first_rd,7,0.95,1
6,PHO,POR,4,2,TRUE,2010,NBA,first_rd,7,0.95,1
6,UTA,DEN,4,2,TRUE,2010,NBA,first_rd,7,0.95,1
5,CHI,IND,4,1,TRUE,2011,NBA,first_rd,7,0.95,1
5,MIA,PHI,4,1,TRUE,2011,NBA,first_rd,7,0.95,1
4,BOS,NYK,4,0,TRUE,2011,NBA,first_rd,7,0.95,1
6,ATL,ORL,4,2,TRUE,2011,NBA,first_rd,7,0.95,1
6,MEM,SAS,4,2,TRUE,2011,NBA,first_rd,7,0.95,1
6,LAL,NOH,4,2,TRUE,2011,NBA,first_rd,7,0.95,1
6,DAL,POR,4,2,TRUE,2011,NBA,first_rd,7,0.95,1
5,OKC,DEN,4,1,TRUE,2011,NBA,first_rd,7,0.95,1
6,PHI,CHI,4,2,TRUE,2012,NBA,first_rd,7,0.95,1
5,MIA,NYK,4,1,TRUE,2012,NBA,first_rd,7,0.95,1
5,IND,ORL,4,1,TRUE,2012,NBA,first_rd,7,0.95,1
6,BOS,ATL,4,2,TRUE,2012,NBA,first_rd,7,0.95,1
4,SAS,UTA,4,0,TRUE,2012,NBA,first_rd,7,0.95,1
4,OKC,DAL,4,0,TRUE,2012,NBA,first_rd,7,0.95,1
7,LAL,DEN,4,3,TRUE,2012,NBA,first_rd,7,0.95,1
7,LAC,MEM,4,3,TRUE,2012,NBA,first_rd,7,0.95,1
4,MIA,MIL,4,0,TRUE,2013,NBA,first_rd,7,0.95,1
6,NYK,BOS,4,2,TRUE,2013,NBA,first_rd,7,0.95,1
6,IND,ATL,4,2,TRUE,2013,NBA,first_rd,7,0.95,1
7,CHI,BRK,4,3,TRUE,2013,NBA,first_rd,7,0.95,1
6,OKC,HOU,4,2,TRUE,2013,NBA,first_rd,7,0.95,1
4,SAS,LAL,4,0,TRUE,2013,NBA,first_rd,7,0.95,1
6,GSW,DEN,4,2,TRUE,2013,NBA,first_rd,7,0.95,1
6,MEM,LAC,4,2,TRUE,2013,NBA,first_rd,7,0.95,1
7,IND,ATL,4,3,TRUE,2014,NBA,first_rd,7,0.95,1
4,MIA,CHA,4,0,TRUE,2014,NBA,first_rd,7,0.95,1
7,BRK,TOR,4,3,TRUE,2014,NBA,first_rd,7,0.95,1
5,WAS,CHI,4,1,TRUE,2014,NBA,first_rd,7,0.95,1
7,SAS,DAL,4,3,TRUE,2014,NBA,first_rd,7,0.95,1
7,OKC,MEM,4,3,TRUE,2014,NBA,first_rd,7,0.95,1
7,LAC,GSW,4,3,TRUE,2014,NBA,first_rd,7,0.95,1
6,POR,HOU,4,2,TRUE,2014,NBA,first_rd,7,0.95,1
6,ATL,BRK,4,2,TRUE,2015,NBA,first_rd,7,0.95,1
4,CLE,BOS,4,0,TRUE,2015,NBA,first_rd,7,0.95,1
6,CHI,MIL,4,2,TRUE,2015,NBA,first_rd,7,0.95,1
4,WAS,TOR,4,0,TRUE,2015,NBA,first_rd,7,0.95,1
4,GSW,NOP,4,0,TRUE,2015,NBA,first_rd,7,0.95,1
5,HOU,DAL,4,1,TRUE,2015,NBA,first_rd,7,0.95,1
7,LAC,SAS,4,3,TRUE,2015,NBA,first_rd,7,0.95,1
5,MEM,POR,4,1,TRUE,2015,NBA,first_rd,7,0.95,1
3,NYK,HOU,1,2,FALSE,1975,NBA,first_rd,3,0.95,1
3,DET,SEA,1,2,FALSE,1975,NBA,first_rd,3,0.95,1
3,PHI,BUF,1,2,FALSE,1976,NBA,first_rd,3,0.95,1
3,MIL,DET,1,2,FALSE,1976,NBA,first_rd,3,0.95,1
2,SAS,BOS,0,2,FALSE,1977,NBA,first_rd,3,0.95,1
3,CLE,WSB,1,2,FALSE,1977,NBA,first_rd,3,0.95,1
3,DET,GSW,1,2,FALSE,1977,NBA,first_rd,3,0.95,1
3,CHI,POR,1,2,FALSE,1977,NBA,first_rd,3,0.95,1
2,CLE,NYK,0,2,FALSE,1978,NBA,first_rd,3,0.95,1
2,ATL,WSB,0,2,FALSE,1978,NBA,first_rd,3,0.95,1
2,PHO,MIL,0,2,FALSE,1978,NBA,first_rd,3,0.95,1
3,LAL,SEA,1,2,FALSE,1978,NBA,first_rd,3,0.95,1
2,HOU,ATL,0,2,FALSE,1979,NBA,first_rd,3,0.95,1
2,NJN,PHI,0,2,FALSE,1979,NBA,first_rd,3,0.95,1
3,DEN,LAL,1,2,FALSE,1979,NBA,first_rd,3,0.95,1
3,POR,PHO,1,2,FALSE,1979,NBA,first_rd,3,0.95,1
3,SAS,HOU,1,2,FALSE,1980,NBA,first_rd,3,0.95,1
2,WSB,PHI,0,2,FALSE,1980,NBA,first_rd,3,0.95,1
3,KCK,PHO,1,2,FALSE,1980,NBA,first_rd,3,0.95,1
3,POR,SEA,1,2,FALSE,1980,NBA,first_rd,3,0.95,1
2,NYK,CHI,0,2,FALSE,1981,NBA,first_rd,3,0.95,1
2,IND,PHI,0,2,FALSE,1981,NBA,first_rd,3,0.95,1
3,LAL,HOU,1,2,FALSE,1981,NBA,first_rd,3,0.95,1
3,POR,KCK,1,2,FALSE,1981,NBA,first_rd,3,0.95,1
2,ATL,PHI,0,2,FALSE,1982,NBA,first_rd,3,0.95,1
2,NJN,WSB,0,2,FALSE,1982,NBA,first_rd,3,0.95,1
3,DEN,PHO,1,2,FALSE,1982,NBA,first_rd,3,0.95,1
3,HOU,SEA,1,2,FALSE,1982,NBA,first_rd,3,0.95,1
3,ATL,BOS,1,2,FALSE,1983,NBA,first_rd,3,0.95,1
2,NJN,NYK,0,2,FALSE,1983,NBA,first_rd,3,0.95,1
3,PHO,DEN,1,2,FALSE,1983,NBA,first_rd,3,0.95,1
2,SEA,POR,0,2,FALSE,1983,NBA,first_rd,3,0.95,1
4,WSB,BOS,1,3,FALSE,1984,NBA,first_rd,5,0.95,1
5,ATL,MIL,2,3,FALSE,1984,NBA,first_rd,5,0.95,1
5,PHI,NJN,2,3,FALSE,1984,NBA,first_rd,5,0.95,1
5,DET,NYK,2,3,FALSE,1984,NBA,first_rd,5,0.95,1
5,SEA,DAL,2,3,FALSE,1984,NBA,first_rd,5,0.95,1
3,KCK,LAL,0,3,FALSE,1984,NBA,first_rd,5,0.95,1
5,POR,PHO,2,3,FALSE,1984,NBA,first_rd,5,0.95,1
5,DEN,UTA,2,3,FALSE,1984,NBA,first_rd,5,0.95,1
4,CLE,BOS,1,3,FALSE,1985,NBA,first_rd,5,0.95,1
3,NJN,DET,0,3,FALSE,1985,NBA,first_rd,5,0.95,1
4,CHI,MIL,1,3,FALSE,1985,NBA,first_rd,5,0.95,1
4,WSB,PHI,1,3,FALSE,1985,NBA,first_rd,5,0.95,1
5,SAS,DEN,2,3,FALSE,1985,NBA,first_rd,5,0.95,1
3,PHO,LAL,0,3,FALSE,1985,NBA,first_rd,5,0.95,1
4,DAL,POR,1,3,FALSE,1985,NBA,first_rd,5,0.95,1
5,HOU,UTA,2,3,FALSE,1985,NBA,first_rd,5,0.95,1
4,DET,ATL,1,3,FALSE,1986,NBA,first_rd,5,0.95,1
3,CHI,BOS,0,3,FALSE,1986,NBA,first_rd,5,0.95,1
3,NJN,MIL,0,3,FALSE,1986,NBA,first_rd,5,0.95,1
5,WSB,PHI,2,3,FALSE,1986,NBA,first_rd,5,0.95,1
4,UTA,DAL,1,3,FALSE,1986,NBA,first_rd,5,0.95,1
4,POR,DEN,1,3,FALSE,1986,NBA,first_rd,5,0.95,1
3,SAC,HOU,0,3,FALSE,1986,NBA,first_rd,5,0.95,1
3,SAS,LAL,0,3,FALSE,1986,NBA,first_rd,5,0.95,1
4,IND,ATL,1,3,FALSE,1987,NBA,first_rd,5,0.95,1
3,CHI,BOS,0,3,FALSE,1987,NBA,first_rd,5,0.95,1
3,WSB,DET,0,3,FALSE,1987,NBA,first_rd,5,0.95,1
5,PHI,MIL,2,3,FALSE,1987,NBA,first_rd,5,0.95,1
5,UTA,GSW,2,3,FALSE,1987,NBA,first_rd,5,0.95,1
4,POR,HOU,1,3,FALSE,1987,NBA,first_rd,5,0.95,1
3,DEN,LAL,0,3,FALSE,1987,NBA,first_rd,5,0.95,1
4,DAL,SEA,1,3,FALSE,1987,NBA,first_rd,5,0.95,1
5,MIL,ATL,2,3,FALSE,1988,NBA,first_rd,5,0.95,1
4,NYK,BOS,1,3,FALSE,1988,NBA,first_rd,5,0.95,1
5,CLE,CHI,2,3,FALSE,1988,NBA,first_rd,5,0.95,1
5,WSB,DET,2,3,FALSE,1988,NBA,first_rd,5,0.95,1
4,HOU,DAL,1,3,FALSE,1988,NBA,first_rd,5,0.95,1
5,SEA,DEN,2,3,FALSE,1988,NBA,first_rd,5,0.95,1
3,SAS,LAL,0,3,FALSE,1988,NBA,first_rd,5,0.95,1
4,POR,UTA,1,3,FALSE,1988,NBA,first_rd,5,0.95,1
5,CLE,CHI,2,3,FALSE,1989,NBA,first_rd,5,0.95,1
3,BOS,DET,0,3,FALSE,1989,NBA,first_rd,5,0.95,1
5,ATL,MIL,2,3,FALSE,1989,NBA,first_rd,5,0.95,1
3,PHI,NYK,0,3,FALSE,1989,NBA,first_rd,5,0.95,1
3,UTA,GSW,0,3,FALSE,1989,NBA,first_rd,5,0.95,1
3,POR,LAL,0,3,FALSE,1989,NBA,first_rd,5,0.95,1
3,DEN,PHO,0,3,FALSE,1989,NBA,first_rd,5,0.95,1
4,HOU,SEA,1,3,FALSE,1989,NBA,first_rd,5,0.95,1
4,MIL,CHI,1,3,FALSE,1990,NBA,first_rd,5,0.95,1
3,IND,DET,0,3,FALSE,1990,NBA,first_rd,5,0.95,1
5,BOS,NYK,2,3,FALSE,1990,NBA,first_rd,5,0.95,1
5,CLE,PHI,2,3,FALSE,1990,NBA,first_rd,5,0.95,1
4,HOU,LAL,1,3,FALSE,1990,NBA,first_rd,5,0.95,1
5,UTA,PHO,2,3,FALSE,1990,NBA,first_rd,5,0.95,1
3,DAL,POR,0,3,FALSE,1990,NBA,first_rd,5,0.95,1
3,DEN,SAS,0,3,FALSE,1990,NBA,first_rd,5,0.95,1
5,IND,BOS,2,3,FALSE,1991,NBA,first_rd,5,0.95,1
3,NYK,CHI,0,3,FALSE,1991,NBA,first_rd,5,0.95,1
5,ATL,DET,2,3,FALSE,1991,NBA,first_rd,5,0.95,1
3,MIL,PHI,0,3,FALSE,1991,NBA,first_rd,5,0.95,1
4,SAS,GSW,1,3,FALSE,1991,NBA,first_rd,5,0.95,1
3,HOU,LAL,0,3,FALSE,1991,NBA,first_rd,5,0.95,1
5,SEA,POR,2,3,FALSE,1991,NBA,first_rd,5,0.95,1
4,PHO,UTA,1,3,FALSE,1991,NBA,first_rd,5,0.95,1
3,IND,BOS,0,3,FALSE,1992,NBA,first_rd,5,0.95,1
3,MIA,CHI,0,3,FALSE,1992,NBA,first_rd,5,0.95,1
4,NJN,CLE,1,3,FALSE,1992,NBA,first_rd,5,0.95,1
5,DET,NYK,2,3,FALSE,1992,NBA,first_rd,5,0.95,1
3,SAS,PHO,0,3,FALSE,1992,NBA,first_rd,5,0.95,1
4,LAL,POR,1,3,FALSE,1992,NBA,first_rd,5,0.95,1
4,GSW,SEA,1,3,FALSE,1992,NBA,first_rd,5,0.95,1
5,LAC,UTA,2,3,FALSE,1992,NBA,first_rd,5,0.95,1
4,BOS,CHH,1,3,FALSE,1993,NBA,first_rd,5,0.95,1
3,ATL,CHI,0,3,FALSE,1993,NBA,first_rd,5,0.95,1
5,NJN,CLE,2,3,FALSE,1993,NBA,first_rd,5,0.95,1
4,IND,NYK,1,3,FALSE,1993,NBA,first_rd,5,0.95,1
5,LAC,HOU,2,3,FALSE,1993,NBA,first_rd,5,0.95,1
5,LAL,PHO,2,3,FALSE,1993,NBA,first_rd,5,0.95,1
4,POR,SAS,1,3,FALSE,1993,NBA,first_rd,5,0.95,1
5,UTA,SEA,2,3,FALSE,1993,NBA,first_rd,5,0.95,1
5,MIA,ATL,2,3,FALSE,1994,NBA,first_rd,5,0.95,1
3,CLE,CHI,0,3,FALSE,1994,NBA,first_rd,5,0.95,1
3,ORL,IND,0,3,FALSE,1994,NBA,first_rd,5,0.95,1
4,NJN,NYK,1,3,FALSE,1994,NBA,first_rd,5,0.95,1
5,SEA,DEN,2,3,FALSE,1994,NBA,first_rd,5,0.95,1
4,POR,HOU,1,3,FALSE,1994,NBA,first_rd,5,0.95,1
3,GSW,PHO,0,3,FALSE,1994,NBA,first_rd,5,0.95,1
4,SAS,UTA,1,3,FALSE,1994,NBA,first_rd,5,0.95,1
4,CHH,CHI,1,3,FALSE,1995,NBA,first_rd,5,0.95,1
3,ATL,IND,0,3,FALSE,1995,NBA,first_rd,5,0.95,1
4,CLE,NYK,1,3,FALSE,1995,NBA,first_rd,5,0.95,1
4,BOS,ORL,1,3,FALSE,1995,NBA,first_rd,5,0.95,1
5,UTA,HOU,2,3,FALSE,1995,NBA,first_rd,5,0.95,1
4,SEA,LAL,1,3,FALSE,1995,NBA,first_rd,5,0.95,1
3,POR,PHO,0,3,FALSE,1995,NBA,first_rd,5,0.95,1
3,DEN,SAS,0,3,FALSE,1995,NBA,first_rd,5,0.95,1
5,IND,ATL,2,3,FALSE,1996,NBA,first_rd,5,0.95,1
3,MIA,CHI,0,3,FALSE,1996,NBA,first_rd,5,0.95,1
3,CLE,NYK,0,3,FALSE,1996,NBA,first_rd,5,0.95,1
3,DET,ORL,0,3,FALSE,1996,NBA,first_rd,5,0.95,1
4,LAL,HOU,1,3,FALSE,1996,NBA,first_rd,5,0.95,1
4,PHO,SAS,1,3,FALSE,1996,NBA,first_rd,5,0.95,1
4,SAC,SEA,1,3,FALSE,1996,NBA,first_rd,5,0.95,1
5,POR,UTA,2,3,FALSE,1996,NBA,first_rd,5,0.95,1
5,DET,ATL,2,3,FALSE,1997,NBA,first_rd,5,0.95,1
3,WSB,CHI,0,3,FALSE,1997,NBA,first_rd,5,0.95,1
5,ORL,MIA,2,3,FALSE,1997,NBA,first_rd,5,0.95,1
3,CHH,NYK,0,3,FALSE,1997,NBA,first_rd,5,0.95,1
3,MIN,HOU,0,3,FALSE,1997,NBA,first_rd,5,0.95,1
4,POR,LAL,1,3,FALSE,1997,NBA,first_rd,5,0.95,1
5,PHO,SEA,2,3,FALSE,1997,NBA,first_rd,5,0.95,1
3,LAC,UTA,0,3,FALSE,1997,NBA,first_rd,5,0.95,1
4,ATL,CHH,1,3,FALSE,1998,NBA,first_rd,5,0.95,1
3,NJN,CHI,0,3,FALSE,1998,NBA,first_rd,5,0.95,1
4,CLE,IND,1,3,FALSE,1998,NBA,first_rd,5,0.95,1
5,MIA,NYK,2,3,FALSE,1998,NBA,first_rd,5,0.95,1
4,POR,LAL,1,3,FALSE,1998,NBA,first_rd,5,0.95,1
4,PHO,SAS,1,3,FALSE,1998,NBA,first_rd,5,0.95,1
5,MIN,SEA,2,3,FALSE,1998,NBA,first_rd,5,0.95,1
5,HOU,UTA,2,3,FALSE,1998,NBA,first_rd,5,0.95,1
5,DET,ATL,2,3,FALSE,1999,NBA,first_rd,5,0.95,1
3,MIL,IND,0,3,FALSE,1999,NBA,first_rd,5,0.95,1
5,MIA,NYK,2,3,FALSE,1999,NBA,first_rd,5,0.95,1
4,ORL,PHI,1,3,FALSE,1999,NBA,first_rd,5,0.95,1
4,HOU,LAL,1,3,FALSE,1999,NBA,first_rd,5,0.95,1
3,PHO,POR,0,3,FALSE,1999,NBA,first_rd,5,0.95,1
4,MIN,SAS,1,3,FALSE,1999,NBA,first_rd,5,0.95,1
5,SAC,UTA,2,3,FALSE,1999,NBA,first_rd,5,0.95,1
5,MIL,IND,2,3,FALSE,2000,NBA,first_rd,5,0.95,1
3,DET,MIA,0,3,FALSE,2000,NBA,first_rd,5,0.95,1
3,TOR,NYK,0,3,FALSE,2000,NBA,first_rd,5,0.95,1
4,CHH,PHI,1,3,FALSE,2000,NBA,first_rd,5,0.95,1
5,SAC,LAL,2,3,FALSE,2000,NBA,first_rd,5,0.95,1
4,SAS,PHO,1,3,FALSE,2000,NBA,first_rd,5,0.95,1
4,MIN,POR,1,3,FALSE,2000,NBA,first_rd,5,0.95,1
5,SEA,UTA,2,3,FALSE,2000,NBA,first_rd,5,0.95,1
3,MIA,CHH,0,3,FALSE,2001,NBA,first_rd,5,0.95,1
4,ORL,MIL,1,3,FALSE,2001,NBA,first_rd,5,0.95,1
4,IND,PHI,1,3,FALSE,2001,NBA,first_rd,5,0.95,1
5,NYK,TOR,2,3,FALSE,2001,NBA,first_rd,5,0.95,1
5,UTA,DAL,2,3,FALSE,2001,NBA,first_rd,5,0.95,1
3,POR,LAL,0,3,FALSE,2001,NBA,first_rd,5,0.95,1
4,PHO,SAC,1,3,FALSE,2001,NBA,first_rd,5,0.95,1
4,MIN,SAS,1,3,FALSE,2001,NBA,first_rd,5,0.95,1
5,PHI,BOS,2,3,FALSE,2002,NBA,first_rd,5,0.95,1
4,ORL,CHH,1,3,FALSE,2002,NBA,first_rd,5,0.95,1
5,TOR,DET,2,3,FALSE,2002,NBA,first_rd,5,0.95,1
5,IND,NJN,2,3,FALSE,2002,NBA,first_rd,5,0.95,1
3,MIN,DAL,0,3,FALSE,2002,NBA,first_rd,5,0.95,1
3,POR,LAL,0,3,FALSE,2002,NBA,first_rd,5,0.95,1
4,UTA,SAC,1,3,FALSE,2002,NBA,first_rd,5,0.95,1
5,SEA,SAS,2,3,FALSE,2002,NBA,first_rd,5,0.95,1
6,IND,BOS,2,4,FALSE,2003,NBA,first_rd,7,0.95,1
7,ORL,DET,3,4,FALSE,2003,NBA,first_rd,7,0.95,1
6,MIL,NJN,2,4,FALSE,2003,NBA,first_rd,7,0.95,1
6,NOH,PHI,2,4,FALSE,2003,NBA,first_rd,7,0.95,1
7,POR,DAL,3,4,FALSE,2003,NBA,first_rd,7,0.95,1
6,MIN,LAL,2,4,FALSE,2003,NBA,first_rd,7,0.95,1
5,UTA,SAC,1,4,FALSE,2003,NBA,first_rd,7,0.95,1
6,PHO,SAS,2,4,FALSE,2003,NBA,first_rd,7,0.95,1
5,MIL,DET,1,4,FALSE,2004,NBA,first_rd,7,0.95,1
4,BOS,IND,0,4,FALSE,2004,NBA,first_rd,7,0.95,1
7,NOH,MIA,3,4,FALSE,2004,NBA,first_rd,7,0.95,1
4,NYK,NJN,0,4,FALSE,2004,NBA,first_rd,7,0.95,1
5,HOU,LAL,1,4,FALSE,2004,NBA,first_rd,7,0.95,1
5,DEN,MIN,1,4,FALSE,2004,NBA,first_rd,7,0.95,1
5,DAL,SAC,1,4,FALSE,2004,NBA,first_rd,7,0.95,1
4,MEM,SAS,0,4,FALSE,2004,NBA,first_rd,7,0.95,1
5,PHI,DET,1,4,FALSE,2005,NBA,first_rd,7,0.95,1
7,BOS,IND,3,4,FALSE,2005,NBA,first_rd,7,0.95,1
4,NJN,MIA,0,4,FALSE,2005,NBA,first_rd,7,0.95,1
6,CHI,WAS,2,4,FALSE,2005,NBA,first_rd,7,0.95,1
7,HOU,DAL,3,4,FALSE,2005,NBA,first_rd,7,0.95,1
4,MEM,PHO,0,4,FALSE,2005,NBA,first_rd,7,0.95,1
5,DEN,SAS,1,4,FALSE,2005,NBA,first_rd,7,0.95,1
5,SAC,SEA,1,4,FALSE,2005,NBA,first_rd,7,0.95,1
6,WAS,CLE,2,4,FALSE,2006,NBA,first_rd,7,0.95,1
5,MIL,DET,1,4,FALSE,2006,NBA,first_rd,7,0.95,1
6,CHI,MIA,2,4,FALSE,2006,NBA,first_rd,7,0.95,1
6,IND,NJN,2,4,FALSE,2006,NBA,first_rd,7,0.95,1
4,MEM,DAL,0,4,FALSE,2006,NBA,first_rd,7,0.95,1
5,DEN,LAC,1,4,FALSE,2006,NBA,first_rd,7,0.95,1
7,LAL,PHO,3,4,FALSE,2006,NBA,first_rd,7,0.95,1
6,SAC,SAS,2,4,FALSE,2006,NBA,first_rd,7,0.95,1
4,MIA,CHI,0,4,FALSE,2007,NBA,first_rd,7,0.95,1
4,WAS,CLE,0,4,FALSE,2007,NBA,first_rd,7,0.95,1
4,ORL,DET,0,4,FALSE,2007,NBA,first_rd,7,0.95,1
6,TOR,NJN,2,4,FALSE,2007,NBA,first_rd,7,0.95,1
6,DAL,GSW,2,4,FALSE,2007,NBA,first_rd,7,0.95,1
5,LAL,PHO,1,4,FALSE,2007,NBA,first_rd,7,0.95,1
5,DEN,SAS,1,4,FALSE,2007,NBA,first_rd,7,0.95,1
7,HOU,UTA,3,4,FALSE,2007,NBA,first_rd,7,0.95,1
7,ATL,BOS,3,4,FALSE,2008,NBA,first_rd,7,0.95,1
6,PHI,DET,2,4,FALSE,2008,NBA,first_rd,7,0.95,1
5,TOR,ORL,1,4,FALSE,2008,NBA,first_rd,7,0.95,1
6,WAS,CLE,2,4,FALSE,2008,NBA,first_rd,7,0.95,1
4,DEN,LAL,0,4,FALSE,2008,NBA,first_rd,7,0.95,1
5,DAL,NOH,1,4,FALSE,2008,NBA,first_rd,7,0.95,1
5,PHO,SAS,1,4,FALSE,2008,NBA,first_rd,7,0.95,1
6,HOU,UTA,2,4,FALSE,2008,NBA,first_rd,7,0.95,1
4,DET,CLE,0,4,FALSE,2009,NBA,first_rd,7,0.95,1
7,CHI,BOS,3,4,FALSE,2009,NBA,first_rd,7,0.95,1
6,PHI,ORL,2,4,FALSE,2009,NBA,first_rd,7,0.95,1
7,MIA,ATL,3,4,FALSE,2009,NBA,first_rd,7,0.95,1
5,UTA,LAL,1,4,FALSE,2009,NBA,first_rd,7,0.95,1
5,NOH,DEN,1,4,FALSE,2009,NBA,first_rd,7,0.95,1
5,SAS,DAL,1,4,FALSE,2009,NBA,first_rd,7,0.95,1
6,POR,HOU,2,4,FALSE,2009,NBA,first_rd,7,0.95,1
5,CHI,CLE,1,4,FALSE,2010,NBA,first_rd,7,0.95,1
4,CHA,ORL,0,4,FALSE,2010,NBA,first_rd,7,0.95,1
7,MIL,ATL,3,4,FALSE,2010,NBA,first_rd,7,0.95,1
5,MIA,BOS,1,4,FALSE,2010,NBA,first_rd,7,0.95,1
6,OKC,LAL,2,4,FALSE,2010,NBA,first_rd,7,0.95,1
6,DAL,SAS,2,4,FALSE,2010,NBA,first_rd,7,0.95,1
6,POR,PHO,2,4,FALSE,2010,NBA,first_rd,7,0.95,1
6,DEN,UTA,2,4,FALSE,2010,NBA,first_rd,7,0.95,1
5,IND,CHI,1,4,FALSE,2011,NBA,first_rd,7,0.95,1
5,PHI,MIA,1,4,FALSE,2011,NBA,first_rd,7,0.95,1
4,NYK,BOS,0,4,FALSE,2011,NBA,first_rd,7,0.95,1
6,ORL,ATL,2,4,FALSE,2011,NBA,first_rd,7,0.95,1
6,SAS,MEM,2,4,FALSE,2011,NBA,first_rd,7,0.95,1
6,NOH,LAL,2,4,FALSE,2011,NBA,first_rd,7,0.95,1
6,POR,DAL,2,4,FALSE,2011,NBA,first_rd,7,0.95,1
5,DEN,OKC,1,4,FALSE,2011,NBA,first_rd,7,0.95,1
6,CHI,PHI,2,4,FALSE,2012,NBA,first_rd,7,0.95,1
5,NYK,MIA,1,4,FALSE,2012,NBA,first_rd,7,0.95,1
5,ORL,IND,1,4,FALSE,2012,NBA,first_rd,7,0.95,1
6,ATL,BOS,2,4,FALSE,2012,NBA,first_rd,7,0.95,1
4,UTA,SAS,0,4,FALSE,2012,NBA,first_rd,7,0.95,1
4,DAL,OKC,0,4,FALSE,2012,NBA,first_rd,7,0.95,1
7,DEN,LAL,3,4,FALSE,2012,NBA,first_rd,7,0.95,1
7,MEM,LAC,3,4,FALSE,2012,NBA,first_rd,7,0.95,1
4,MIL,MIA,0,4,FALSE,2013,NBA,first_rd,7,0.95,1
6,BOS,NYK,2,4,FALSE,2013,NBA,first_rd,7,0.95,1
6,ATL,IND,2,4,FALSE,2013,NBA,first_rd,7,0.95,1
7,BRK,CHI,3,4,FALSE,2013,NBA,first_rd,7,0.95,1
6,HOU,OKC,2,4,FALSE,2013,NBA,first_rd,7,0.95,1
4,LAL,SAS,0,4,FALSE,2013,NBA,first_rd,7,0.95,1
6,DEN,GSW,2,4,FALSE,2013,NBA,first_rd,7,0.95,1
6,LAC,MEM,2,4,FALSE,2013,NBA,first_rd,7,0.95,1
7,ATL,IND,3,4,FALSE,2014,NBA,first_rd,7,0.95,1
4,CHA,MIA,0,4,FALSE,2014,NBA,first_rd,7,0.95,1
7,TOR,BRK,3,4,FALSE,2014,NBA,first_rd,7,0.95,1
5,CHI,WAS,1,4,FALSE,2014,NBA,first_rd,7,0.95,1
7,DAL,SAS,3,4,FALSE,2014,NBA,first_rd,7,0.95,1
7,MEM,OKC,3,4,FALSE,2014,NBA,first_rd,7,0.95,1
7,GSW,LAC,3,4,FALSE,2014,NBA,first_rd,7,0.95,1
6,HOU,POR,2,4,FALSE,2014,NBA,first_rd,7,0.95,1
6,BRK,ATL,2,4,FALSE,2015,NBA,first_rd,7,0.95,1
4,BOS,CLE,0,4,FALSE,2015,NBA,first_rd,7,0.95,1
6,MIL,CHI,2,4,FALSE,2015,NBA,first_rd,7,0.95,1
4,TOR,WAS,0,4,FALSE,2015,NBA,first_rd,7,0.95,1
4,NOP,GSW,0,4,FALSE,2015,NBA,first_rd,7,0.95,1
5,DAL,HOU,1,4,FALSE,2015,NBA,first_rd,7,0.95,1
7,SAS,LAC,3,4,FALSE,2015,NBA,first_rd,7,0.95,1
5,POR,MEM,1,4,FALSE,2015,NBA,first_rd,7,0.95,1
1,BLB,CHS,1,0,TRUE,1948,BAA,tiebreak,1,0,0
1,CHS,WSC,1,0,TRUE,1948,BAA,tiebreak,1,0,0
1,MNL,ROC,1,0,TRUE,1950,NBA,tiebreak,1,0,0
1,FTW,CHS,1,0,TRUE,1950,NBA,tiebreak,1,0,0
1,SYR,NYK,1,0,TRUE,1956,NBA,tiebreak,1,0,0
1,MNL,STL,1,0,TRUE,1956,NBA,tiebreak,1,0,0
1,STL,FTW,1,0,TRUE,1957,NBA,tiebreak,1,0,0
1,STL,MNL,1,0,TRUE,1957,NBA,tiebreak,1,0,0
1,TEX,DNR,1,0,TRUE,1971,ABA,tiebreak,1,0,0
1,SDA,DNR,1,0,TRUE,1974,ABA,tiebreak,1,0,0
1,KEN,NYA,1,0,TRUE,1975,ABA,tiebreak,1,0,0
1,CHS,BLB,0,1,FALSE,1948,BAA,tiebreak,1,0,0
1,WSC,CHS,0,1,FALSE,1948,BAA,tiebreak,1,0,0
1,ROC,MNL,0,1,FALSE,1950,NBA,tiebreak,1,0,0
1,CHS,FTW,0,1,FALSE,1950,NBA,tiebreak,1,0,0
1,NYK,SYR,0,1,FALSE,1956,NBA,tiebreak,1,0,0
1,STL,MNL,0,1,FALSE,1956,NBA,tiebreak,1,0,0
1,FTW,STL,0,1,FALSE,1957,NBA,tiebreak,1,0,0
1,MNL,STL,0,1,FALSE,1957,NBA,tiebreak,1,0,0
1,DNR,TEX,0,1,FALSE,1971,ABA,tiebreak,1,0,0
1,DNR,SDA,0,1,FALSE,1974,ABA,tiebreak,1,0,0
1,NYA,KEN,0,1,FALSE,1975,ABA,tiebreak,1,0,0
